trip_trip_id,trip_schedule_relationship,trip_route_id,trip_direction_id,position_latitude,position_longitude,current_stop_sequence,current_status,timestamp,stop_id,vehicle_id,vehicle_license_plate,entity_id
6280_20250401_106_0_7,0,106_0,1,38.75878143,-9.113419533,33,2,1747481063,8409,4645,98-JO-46,4645_750
5510_20250401_117_0_8,0,117_0,0,38.73112869,-9.146380424,19,2,1747481050,1704,2793,AJ-58-LI,2793_738
14909_20250401_75_0_9,0,75_0,1,38.70867157,-9.139630318,5,2,1747481025,10521,557,,557_28E
7324_20250401_111_2_9,0,111_2,0,38.77875137,-9.167679787,30,2,1747481060,50641,2253,80-52-ZE,2253_768
11239_20250401_76_0_10,0,76_0,1,38.69736862,-9.203430176,7,2,1747481069,9609,611,,611_15E
5066_20250401_107_2_7,0,107_2,0,38.70827103,-9.137720108,7,2,1747481043,5508,6022,BF-48-BB,6022_732
18906_20250401_179_0_12,0,179_0,1,38.76121902,-9.166700363,21,2,1747481055,50006,2440,29-AX-08,2440_778
35064_20250401_226_0_5,0,226_0,0,38.73432159,-9.112070084,21,2,1747480596,50411,2992,29-VM-95,2992_34B
3203_20250401_147_0_8,0,147_0,1,38.72309875,-9.148880005,21,2,1747481062,1217,6010,81-ZC-09,6010_706
12183_20250401_78_0_14,0,78_0,1,38.70349884,-9.170519829,18,2,1747481076,3901,558,,558_18E
11229_20250401_76_0_10,0,76_0,1,38.70478058,-9.177330017,14,2,1747481060,12115,603,,603_15E
19403_20240727_190_0_8,0,190_0,1,38.78303146,-9.114009857,3,2,1723286487,12610,2250,80-41-ZE,2250_731
5069_20250401_107_2_4,0,107_2,1,38.71332932,-9.137880325,31,2,1747481068,913,6021,BD-91-QG,6021_732
4997_20250401_190_0_8,0,190_0,1,38.74177933,-9.157230377,28,2,1747481067,3302,2292,83-16-ZM,2292_731
5962_20250401_108_0_13,0,108_0,0,38.74132919,-9.168199539,9,2,1747481049,50472,2795,AJ-55-LI,2795_746
19453_20250401_143_0_6,0,143_0,0,38.73191833,-9.140919685,11,2,1747481060,6501,2494,88-BL-68,2494_720
4673_20250401_204_0_6,0,204_0,1,38.70637894,-9.14291954,34,2,1747481068,3820,2830,BF-57-FZ,2830_728
17511_20250401_208_2_12,0,208_2,1,38.78553009,-9.096170425,15,2,1747481068,50130,2951,62-GQ-53,2951_26B
19269_20250401_212_0_10,0,212_0,1,38.79330063,-9.152919769,25,2,1747481060,11608,2954,62-GQ-56,2954_40B
5821_20250401_200_0_8,0,200_0,1,38.76945114,-9.121749878,11,2,1747481057,7704,2624,72-VP-82,2624_744
6311_20250401_106_0_8,0,106_0,1,38.75482178,-9.153120041,25,2,1747481065,5804,4616,22-GP-50,4616_750
17559_20250401_212_0_11,0,212_0,0,38.79222107,-9.150719643,5,2,1747481055,11616,2953,62-GQ-55,2953_40B
6376_20250401_106_0_8,0,106_0,0,38.7491684,-9.190670013,23,2,1747481055,10806,4646,11-JM-79,4646_750
6258_20250401_106_0_10,0,106_0,0,38.76305008,-9.130020142,9,2,1747481061,7506,4650,11-JM-80,4650_750
7438_20250401_192_1_10,0,192_1,1,38.71517181,-9.163299561,18,2,1747481057,8001,2973,30-VM-13,2973_774
6595_20250401_201_2_12,0,201_2,0,38.74222946,-9.211549759,15,2,1747481057,8818,2688,93-XA-35,2688_754
7477_20250401_193_2_29,0,193_2,1,38.70016861,-9.240369797,5,2,1747481073,14903,2699,92-XQ-25,2699_776
3505_20250401_101_0_6,0,101_0,1,38.72480011,-9.15651989,27,2,1747481065,8502,2692,90-XF-62,2692_711
3449_20250401_101_0_8,0,101_0,1,38.75246811,-9.209300041,6,2,1747481058,3003,2691,90-XF-45,2691_711
3679_20250401_102_0_5,0,102_0,0,38.70645142,-9.15375042,3,2,1747481072,7102,2690,99-XE-57,2690_714
3489_20250401_101_0_9,0,101_0,0,38.70994949,-9.135149956,2,2,1747481057,4506,2693,90-XF-46,2693_711
4510_20250401_103_0_2,0,103_0,1,38.74219894,-9.14659977,41,2,1747481067,1805,2694,90-XF-49,2694_727
5521_20250401_117_0_7,0,117_0,0,38.7533493,-9.168549538,5,2,1747481047,13622,2705,92-XQ-29,2705_738
5526_20250401_117_0_7,0,117_0,0,38.70619965,-9.167770386,30,2,1747481066,10206,2684,99-XE-59,2684_738
5954_20250401_108_0_11,0,108_0,0,38.74892044,-9.19122982,17,2,1747481072,10814,2682,93-XA-42,2682_746
6302_20250401_106_0_7,0,106_0,1,38.75848007,-9.103219986,35,2,1747481064,2328,4619,22-GP-53,4619_750
6350_20250401_106_0_9,0,106_0,1,38.74082184,-9.202619553,9,2,1747481066,8807,4618,22-GP-52,4618_750
4507_20250401_103_0_4,0,103_0,1,38.7473793,-9.140919685,46,2,1747481067,202,2681,93-XA-41,2681_727
6601_20250401_201_2_10,0,201_2,1,38.74509811,-9.204919815,16,2,1747481068,8811,2679,93-XA-34,2679_754
11187_20250401_76_0_7,0,76_0,0,38.70642853,-9.142550468,10,2,1747481075,12116,510,,510_15E
21270_20250401_76_0_3,0,76_0,1,38.70645142,-9.152469635,0,2,1747481009,,604,,604_15E
14973_20250401_75_0_14,0,75_0,0,38.72306824,-9.132579803,4,2,1747481073,707,547,,547_28E
6771_20250401_150_0_11,0,150_0,0,38.71504974,-9.144570351,5,2,1747481071,10601,2347,53-61-ZJ,2347_758
5727_20250401_114_0_4,0,114_0,1,38.7338295,-9.134830475,41,2,1747480840,517,2741,AG-99-TG,2741_742
4267_20250401_116_0_9,0,116_0,0,38.76179886,-9.196929932,29,2,1747481064,13912,2479,91-BE-74,2479_726
8114_20250401_174_0_20,0,174_0,1,38.77687073,-9.16397953,10,2,1747481074,5910,4634,11-JM-78,4634_796
7229_20250401_112_0_6,0,112_0,1,38.75030136,-9.142580032,33,2,1747481052,102,2414,92-AO-51,2414_767
6440_20250401_109_0_10,0,109_0,0,38.70132065,-9.227069855,24,2,1747481070,4202,2844,BF-73-FZ,2844_751
4975_20250401_190_0_9,0,190_0,0,38.77640152,-9.101449966,30,2,1747481040,7909,2295,92-53-ZM,2295_731
4446_20250401_103_0_6,0,103_0,1,38.71271896,-9.152899742,32,2,1747481046,6705,2763,AH-23-ND,2763_727
6098_20250401_177_0_11,0,177_0,0,38.76364899,-9.17263031,9,2,1747481052,50007,2417,50-AL-06,2417_747
4081_20250401_143_0_11,0,143_0,0,38.72492981,-9.149049759,6,2,1747481076,301,2755,AG-95-TG,2755_720
17897_20250401_121_0_7,0,121_0,0,38.70246887,-9.218050003,25,2,1747481061,9705,2298,83-05-ZM,2298_723
11304_20250401_76_0_3,0,76_0,0,38.70645142,-9.152620316,5,2,1747481038,7102,608,,608_15E
45279_20250401_278_0_8,0,278_0,0,38.75107956,-9.190750122,1,2,1747481073,50403,2979,30-VM-17,2979_71B
3284_20250401_100_0_8,0,100_0,0,38.79444885,-9.101280212,40,2,1747481051,50448,2628,52-VP-82,2628_708
4163_20250401_121_0_10,0,121_0,1,38.71607971,-9.214699745,11,2,1747481060,10402,2301,83-12-ZM,2301_723
19506_20250401_147_0_6,0,147_0,1,38.70922089,-9.153079987,29,2,1747481021,7104,6015,69-ZF-01,6015_706
6901_20250401_144_0_8,0,144_0,1,38.7731514,-9.118499756,11,2,1747481070,12206,2629,52-VP-81,2629_759
51289_20250401_171_0_5,0,171_0,0,38.70352173,-9.191349983,24,2,1747481057,13406,6034,BF-61-AX,6034_760
3242_20250401_147_0_8,0,147_0,0,38.73175049,-9.127719879,23,2,1747481051,502,6007,80-ZC-62,6007_706
5048_20250401_107_2_8,0,107_2,1,38.71641922,-9.214420319,1,2,1747481064,10401,6035,BG-76-LX,6035_732
7365_20250401_191_0_10,0,191_0,0,38.73252106,-9.177379608,9,2,1747481054,10723,2978,29-VM-92,2978_770
8136_20250401_174_0_14,0,174_0,1,38.76005173,-9.156979561,16,2,1747481059,5808,4633,90-JI-94,4633_796
3110_20250401_165_0_9,0,165_0,0,38.77391815,-9.161370277,16,2,1747481055,5950,2430,29-AX-12,2430_703
7497_20250401_193_2_20,0,193_2,0,38.69929886,-9.233169556,3,2,1747481070,4212,2779,AI-02-BT,2779_776
5542_20250401_117_0_6,0,117_0,0,38.72167969,-9.152199745,23,2,1747481044,6806,2703,92-XQ-24,2703_738
5243_20250401_172_0_7,0,172_0,0,38.74826813,-9.157380104,30,2,1747481067,5703,2495,88-BL-69,2495_735
35066_20250401_243_0_11,0,243_0,0,38.72108078,-9.126729965,19,2,1747481072,50523,251,AF-87-NU,251_13B
5984_20250401_108_0_12,0,108_0,1,38.74686813,-9.185070038,9,2,1747481068,10821,2796,AJ-59-LI,2796_746
5323_20250401_199_0_10,0,199_0,1,38.75247955,-9.15141964,16,2,1747481027,5704,4825,20-VQ-72,4825_736
22979_20250401_200_0_7,0,200_0,0,38.75817108,-9.136219978,15,2,1747481067,11317,2614,66-VI-24,2614_744
7473_20250401_192_1_5,0,192_1,0,38.70962143,-9.135450363,0,2,1747481048,,2997,34-VN-03,2997_774
5051_20250401_107_2_7,0,107_2,0,38.70011902,-9.191900253,20,2,1747481074,9510,6023,BF-03-BD,6023_732
4653_20250401_204_0_6,0,204_0,1,38.70858002,-9.207180023,48,2,1747481061,13116,4815,34-VR-24,4815_728
41525_20250401_199_0_6,0,199_0,1,38.7372818,-9.145730019,22,2,1747481052,1814,4827,34-VR-15,4827_736
6660_20250401_118_0_8,0,118_0,0,38.74822998,-9.165470123,39,2,1747481071,12706,2606,66-VI-40,2606_755
7038_20250401_171_0_2,0,171_0,0,38.70475006,-9.177020073,17,2,1747481047,4004,6026,BF-39-BB,6026_760
3341_20250401_100_0_4,0,100_0,1,38.7663002,-9.109950066,18,2,1747481059,7716,2602,16-VF-81,2602_708
4633_20250401_204_0_7,0,204_0,0,38.70227051,-9.206569672,7,2,1747481063,13108,4806,20-VQ-74,4806_728
4940_20250401_198_0_12,0,198_0,0,38.73752975,-9.127699852,9,2,1747481061,9001,2988,29-VM-94,2988_730
5390_20250401_199_0_9,0,199_0,0,38.77061844,-9.159899712,19,2,1747481054,5903,4826,53-VR-05,4826_736
3303_20250401_100_0_8,0,100_0,0,38.76742172,-9.110030174,26,2,1747481057,7715,2637,87-VS-51,2637_708
3281_20250401_100_0_9,0,100_0,1,38.78065109,-9.096529961,9,2,1747481074,50129,2633,52-VP-79,2633_708
19500_20250401_147_0_10,0,147_0,0,38.71112823,-9.153619766,8,2,1747480996,6701,6005,81-ZC-91,6005_706
6934_20250401_144_0_7,0,144_0,0,38.73031998,-9.108949661,15,2,1747481057,8317,2619,66-VI-37,2619_759
7060_20250401_171_0_2,0,171_0,0,38.71372986,-9.137269974,9,2,1747481054,906,6039,BG-96-LU,6039_760
3470_20250401_101_0_9,0,101_0,0,38.7417717,-9.202870369,18,2,1747481070,8829,2716,92-XQ-27,2716_711
6952_20250401_144_0_8,0,144_0,1,38.70806885,-9.133199692,44,2,1747481053,4506,2639,75-VS-47,2639_759
7819_20250401_203_2_11,0,203_2,0,38.73482132,-9.145030022,5,2,1747481066,1807,2647,75-VS-45,2647_783
14961_20250401_75_0_9,0,75_0,1,38.72272873,-9.135279655,21,2,1747481063,706,577,,577_28E
3966_20250401_105_0_8,0,105_0,0,38.73297882,-9.131380081,27,2,1747481053,501,2609,66-VI-36,2609_718
7136_20250401_168_2_16,0,168_2,1,38.74898148,-9.191169739,19,2,1747481065,10807,2721,92-XQ-37,2721_764
5807_20250401_200_0_8,0,200_0,1,38.72304916,-9.148150444,31,2,1747481009,1212,2632,52-VP-88,2632_744
7431_20250401_192_1_10,0,192_1,1,38.71278,-9.136249542,35,2,1747481052,5512,2981,29-VM-86,2981_774
14999_20250401_75_0_2,0,75_0,0,38.7112999,-9.130649567,14,2,1747481064,13816,548,,548_28E
6937_20250401_144_0_8,0,144_0,1,38.71712112,-9.142769814,46,2,1747481073,919,2646,75-VS-48,2646_759
7468_20250401_192_1_7,0,192_1,0,38.71377182,-9.160730362,14,2,1747481021,8112,2993,29-VM-93,2993_774
6724_20250401_175_0_13,0,175_0,1,38.74121857,-9.147069931,13,2,1747481050,1915,2733,AG-41-EI,2733_756
3325_20250401_100_0_10,0,100_0,0,38.71575165,-9.136930466,0,2,1747481051,,2640,75-VS-43,2640_708
3572_20250401_122_0_8,0,122_0,0,38.72785187,-9.16106987,9,2,1747481050,6115,2654,05-VZ-69,2654_713
3328_20250401_100_0_6,0,100_0,1,38.74375153,-9.132470131,34,2,1747481059,310,2612,66-VI-29,2612_708
5036_20250401_107_2_6,0,107_2,1,38.70357895,-9.165329933,24,2,1747481072,10201,6042,BG-97-LU,6042_732
6915_20250401_144_0_9,0,144_0,0,38.7620697,-9.112649918,29,2,1747481063,8414,2635,52-VP-90,2635_759
51290_20250401_171_0_3,0,171_0,1,38.70349884,-9.166119576,26,2,1747481058,10201,6040,BG-46-LT,6040_760
11026_20250401_77_0_7,0,77_0,1,38.70832825,-9.139780045,5,2,1747480930,10521,544,,544_12E
5979_20250401_108_0_11,0,108_0,1,38.74108124,-9.168569565,14,2,1747481049,1615,2686,99-XE-58,2686_746
6912_20250401_144_0_7,0,144_0,0,38.77067184,-9.108670235,42,2,1747481052,7809,2626,52-VP-86,2626_759
4110_20250401_196_0_8,0,196_0,0,38.73511887,-9.142629623,6,2,1747481076,1807,2621,66-VI-45,2621_722
7806_20250401_203_2_10,0,203_2,1,38.72785187,-9.14852047,26,2,1747481063,1702,2622,66-VI-21,2622_783
3933_20250401_105_0_10,0,105_0,0,38.74710083,-9.104949951,10,2,1747479496,2207,2603,16-VF-76,2603_718
3048_20250401_146_0_18,0,146_0,1,38.72792053,-9.160320282,10,2,1747481061,6101,2975,30-VM-11,2975_702
7451_20250401_192_1_11,0,192_1,1,38.7208519,-9.16106987,10,2,1747481071,8519,2985,30-VM-14,2985_774
3635_20250401_102_0_6,0,102_0,1,38.69736862,-9.20372963,21,2,1747481057,9609,2701,92-XQ-35,2701_714
8162_20250401_163_0_20,0,163_0,0,38.72994995,-9.129329681,5,2,1747481049,7004,2982,30-VM-23,2982_797
17789_20250401_118_0_7,0,118_0,1,38.7574501,-9.12637043,20,2,1747481055,14710,2604,66-VI-32,2604_755
7826_20250401_203_2_9,0,203_2,0,38.75387955,-9.15048027,11,2,1747481057,2017,2634,52-VP-85,2634_783
41523_20250401_196_0_3,0,196_0,1,38.72444916,-9.149370193,32,2,1747481072,1206,2605,66-VI-35,2605_722
35094_20250401_240_0_13,0,240_0,0,38.75624847,-9.188019753,0,2,1747481048,,2980,29-VM-90,2980_55B
3697_20240914_102_0_16,0,102_0,1,38.72127151,-9.221500397,4,2,1729628818,18703,2663,05-VZ-62,2663_714
18726_20250401_122_0_7,0,122_0,0,38.70697021,-9.158180237,23,2,1747481052,10009,2659,05-VZ-57,2659_713
17833_20250401_213_0_14,0,213_0,0,38.72763062,-9.162199974,11,2,1747481070,6129,581,,581_24E
51291_20250401_171_0_8,0,171_0,1,38.70998001,-9.194849968,12,2,1747481053,50139,6043,BG-93-LT,6043_760
4960_20250401_198_0_9,0,198_0,0,38.7256813,-9.132329941,17,2,1747481060,601,2995,30-VM-15,2995_730
17843_20250401_213_0_14,0,213_0,0,38.71588135,-9.146730423,4,2,1747481073,10601,580,,580_24E
14935_20250401_75_0_4,0,75_0,0,38.71350098,-9.128629684,11,2,1747481055,50150,543,,543_28E
6462_20250401_109_0_14,0,109_0,1,38.72151947,-9.175319672,28,2,1747481064,11903,4804,53-VR-07,4804_751
45294_20250401_277_0_10,0,277_0,0,38.77412033,-9.155500412,4,2,1747481062,11510,2963,29-VM-88,2963_45B
4617_20250401_204_0_7,0,204_0,0,38.70621872,-9.143969536,19,2,1747481076,3803,2828,BF-60-FZ,2828_728
3306_20250401_100_0_10,0,100_0,0,38.74383163,-9.132149696,10,2,1747481059,317,2644,87-VS-52,2644_708
12187_20250401_78_0_12,0,78_0,1,38.70632935,-9.155320168,18,2,1747481072,3901,572,,572_18E
7837_20250401_203_2_8,0,203_2,0,38.7804985,-9.119879723,24,2,1747481050,12603,2641,75-VS-49,2641_783
11039_20250401_77_0_6,0,77_0,0,38.70970154,-9.137020111,9,2,1747481063,13802,555,,555_12E
45295_20250401_277_0_8,0,277_0,1,38.76892853,-9.167329788,14,2,1747481066,5807,2974,30-VM-22,2974_45B
6473_20250401_109_0_14,0,109_0,1,38.69844818,-9.227450371,11,2,1747481048,4210,4817,00-VV-37,4817_751
19488_20250401_147_0_10,0,147_0,0,38.73276901,-9.134329796,21,2,1747481050,505,6006,82-ZC-09,6006_706
6135_20250401_169_0_15,0,169_0,0,38.7249794,-9.156000137,3,2,1747481072,1223,2660,05-VZ-60,2660_748
4144_20250401_121_0_11,0,121_0,0,38.72240067,-9.139849663,1,2,1747481041,9209,2655,05-VZ-67,2655_723
2952_20250401_123_0_14,0,123_0,0,38.73482132,-9.165120125,23,2,1747481069,2710,1729,25-AS-41,1729_701
45254_20250401_279_0_9,0,279_0,0,38.74377823,-9.205730438,14,2,1747481066,8814,2984,30-VM-04,2984_72B
5827_20250401_200_0_10,0,200_0,1,38.77230072,-9.102379799,0,2,1747481076,,2651,05-VZ-54,2651_744
6138_20250401_169_0_14,0,169_0,1,38.72237015,-9.200779915,6,2,1747481069,14311,2665,87-XB-33,2665_748
48781_20250401_75_8_16,0,75_8,1,38.71382141,-9.16108036,14,2,1747481073,8112,272,AH-26-IN,272_28E
6635_20250401_118_0_10,0,118_0,0,38.75605011,-9.119150162,18,2,1747481043,8426,2645,87-VS-49,2645_755
35053_20250401_244_0_9,0,244_0,0,38.74250031,-9.158379555,3,2,1747481053,50539,2983,30-VM-08,2983_52B
48782_20250401_75_8_14,0,75_8,0,38.71334839,-9.159199715,6,2,1747480931,8111,262,AF-49-ZD,262_28E
35089_20250401_219_0_8,0,219_0,0,38.71403122,-9.20596981,15,2,1747481050,12906,276,AH-12-TB,276_76B
18825_20250401_199_0_9,0,199_0,0,38.73598099,-9.145270348,7,2,1747481046,1807,4635,90-JI-95,4635_736
35076_20250401_238_0_12,0,238_0,0,38.71636963,-9.167920113,17,2,1747481048,8007,274,AH-14-TB,274_64B
4059_20250401_143_0_10,0,143_0,1,38.73522949,-9.140729904,22,2,1747481070,11102,2742,AG-94-TG,2742_720
35097_20250401_227_0_11,0,227_0,0,38.74757004,-9.167449951,3,2,1747481063,12703,256,AF-57-RM,256_58B
4252_20250401_197_2_14,0,197_2,1,38.79019928,-9.123080254,3,2,1747481074,50178,2608,66-VI-39,2608_725
6716_20250401_175_0_12,0,175_0,0,38.7389183,-9.123250008,0,2,1747481048,,2731,AG-49-EI,2731_756
3944_20250401_105_0_12,0,105_0,0,38.74407959,-9.101320267,11,2,1747481058,12524,2631,52-VP-80,2631_718
5702_20250401_114_0_8,0,114_0,0,38.73754883,-9.143670082,22,2,1747481073,11118,2735,AG-37-EI,2735_742
35096_20250401_221_0_9,0,221_0,0,38.69625092,-9.219949722,1,2,1747481073,4210,282,AI-47-OJ,282_79B
3955_20250401_105_0_11,0,105_0,1,38.74489975,-9.103079796,22,2,1747481049,12523,2625,72-VP-79,2625_718
7344_20250401_111_2_8,0,111_2,1,38.74398041,-9.167730331,32,2,1747481070,1603,2274,76-79-ZG,2274_768
6095_20250401_177_0_13,0,177_0,1,38.76654816,-9.178770065,11,2,1747481048,12830,2402,50-AL-13,2402_747
7252_20250401_112_0_5,0,112_0,0,38.75252914,-9.206999779,40,2,1747481063,50386,2443,29-AX-05,2443_767
4040_20250401_143_0_8,0,143_0,0,38.74224854,-9.132719994,6,2,1747481057,301,2490,55-BH-01,2490_720
8033_20250401_115_0_9,0,115_0,1,38.75559998,-9.11289978,9,2,1747481059,24368,1701,39-AB-08,1701_794
7080_20250401_171_0_2,0,171_0,1,38.7132988,-9.136449814,33,2,1747481053,913,6044,BG-87-LX,6044_760
4493_20250401_103_0_7,0,103_0,0,38.7260704,-9.150300026,13,2,1747481070,1206,2780,AI-06-BT,2780_727
3395_20250401_148_0_16,0,148_0,0,38.71469879,-9.162469864,10,2,1747481054,8110,2785,AI-05-BT,2785_709
4763_20250401_104_0_8,0,104_0,0,38.71369934,-9.197330475,25,2,1747481074,12928,2404,50-AL-11,2404_729
6838_20250401_150_0_5,0,150_0,0,38.72383118,-9.160570145,11,2,1747481041,8511,2246,22-38-ZB,2246_758
5537_20250401_117_0_8,0,117_0,1,38.74111938,-9.146369934,21,2,1747481069,1805,2709,92-XQ-42,2709_738
3536_20250401_189_2_16,0,189_2,1,38.7153511,-9.120699883,18,2,1747481073,2128,2714,92-XQ-38,2714_712
6533_20250401_167_0_11,0,167_0,0,38.7254982,-9.148280144,3,2,1747481067,1202,2822,BF-54-FZ,2822_753
4210_20250401_178_0_14,0,178_0,1,38.7349205,-9.2019701,16,2,1747481046,8826,2293,92-57-ZM,2293_724
5218_20250401_172_0_8,0,172_0,1,38.70978165,-9.128479958,35,2,1747481075,3801,1727,25-AS-39,1727_735
3125_20250401_165_0_9,0,165_0,0,38.78636932,-9.142149925,0,2,1747481064,,2478,91-BE-80,2478_703
5347_20250401_199_0_10,0,199_0,1,38.78673172,-9.179349899,2,2,1747481051,15103,4639,27-JO-13,4639_736
5490_20250401_173_0_12,0,173_0,0,38.71009827,-9.132470131,2,2,1747481072,5601,2969,30-VM-09,2969_737
3775_20250401_170_0_9,0,170_0,1,38.79227829,-9.15075016,5,2,1747481074,11603,1746,92-HR-03,1746_717
3031_20250401_146_0_19,0,146_0,0,38.73498154,-9.1707201,11,2,1747481062,2707,2971,29-VM-98,2971_702
5367_20250401_199_0_7,0,199_0,0,38.79098129,-9.16740036,25,2,1747481054,7207,4636,90-JI-97,4636_736
6451_20250401_109_0_13,0,109_0,0,38.70811844,-9.173780441,7,2,1747481050,9425,4812,20-VQ-70,4812_751
7986_20250401_145_0_13,0,145_0,1,38.7369194,-9.112680435,23,2,1747480979,3712,2802,01-IH-91,2802_793
7997_20250401_145_0_11,0,145_0,1,38.74205017,-9.133480072,2,2,1747481062,308,2807,01-IH-96,2807_793
4242_20250401_197_2_19,0,197_2,0,38.76815033,-9.098529816,2,2,1747481050,7805,2817,90-II-57,2817_725
6733_20250401_175_0_10,0,175_0,0,38.73983002,-9.15141964,11,2,1747481001,1914,2806,01-IH-95,2806_756
4804_20250401_104_0_6,0,104_0,1,38.76921844,-9.189069748,42,2,1747481065,14106,2459,74-BC-74,2459_729
5327_20250401_199_0_10,0,199_0,1,38.76541901,-9.157320023,13,2,1747481071,5814,4640,02-JN-87,4640_736
5207_20250401_172_0_9,0,172_0,0,38.71987915,-9.123330116,10,2,1747481045,9115,1753,34-HU-19,1753_735
4468_20250401_103_0_7,0,103_0,1,38.70785141,-9.20265007,7,2,1747481065,12915,2761,AH-33-ND,2761_727
19376_20250401_232_0_16,0,232_0,0,38.77841949,-9.155380249,13,2,1747481050,11517,231,84-47-XQ,231_41B
4311_20250401_116_0_8,0,116_0,1,38.73817825,-9.161829948,18,2,1747481072,1602,2455,16-AZ-12,2455_726
7322_20250401_111_2_10,0,111_2,1,38.77983093,-9.169199944,7,2,1747481068,50643,2410,92-AO-46,2410_768
3583_20250401_122_0_8,0,122_0,1,38.73516846,-9.14260006,35,2,1747481055,11101,2777,AI-01-BT,2777_713
2955_20250401_123_0_12,0,123_0,0,38.74837875,-9.1479702,5,2,1747481062,2006,2734,AG-50-EI,2734_701
3676_20250401_102_0_9,0,102_0,0,38.69742966,-9.198579788,19,2,1747481070,4112,2790,AI-54-TL,2790_714
4490_20250401_103_0_7,0,103_0,0,38.72087097,-9.153019905,15,2,1747481066,6806,2756,AH-27-ND,2756_727
5662_20250401_114_0_7,0,114_0,0,38.71030045,-9.195480347,56,2,1747481057,10314,2499,03-BM-58,2499_742
4141_20250401_121_0_8,0,121_0,0,38.72064972,-9.197580338,12,2,1747481053,21301,2300,83-13-ZM,2300_723
3632_20250401_102_0_8,0,102_0,1,38.7065506,-9.157099724,34,2,1747481048,3911,2797,AJ-57-LI,2797_714
5192_20250401_172_0_7,0,172_0,0,38.71429825,-9.122870445,6,2,1747481062,2101,1773,53-HX-06,1773_735
6581_20250401_201_2_12,0,201_2,1,38.74522018,-9.202750206,17,2,1747481046,8813,2759,AH-21-ND,2759_754
4471_20250401_103_0_6,0,103_0,0,38.69760132,-9.193099976,34,2,1747481052,9508,2784,AI-09-BT,2784_727
3797_20250401_170_0_9,0,170_0,0,38.7746315,-9.147480011,24,2,1747481063,11501,1706,69-AL-69,1706_717
4292_20250401_116_0_8,0,116_0,1,38.73817825,-9.154780388,21,2,1747481051,1504,2480,91-BE-75,2480_726
4807_20250401_104_0_9,0,104_0,1,38.74993134,-9.203069687,28,2,1747481055,10920,2413,92-AO-50,2413_729
4289_20250401_116_0_9,0,116_0,0,38.72665024,-9.136449814,5,2,1747481076,605,2454,16-AZ-18,2454_726
3150_20250401_165_0_10,0,165_0,1,38.75270081,-9.18832016,9,2,1747481056,10813,2482,55-BH-02,2482_703
5253_20250401_172_0_7,0,172_0,0,38.72872925,-9.128100395,21,2,1747481045,411,1768,63-HX-23,1768_735
4449_20250401_103_0_7,0,103_0,1,38.70544815,-9.176369667,19,2,1747481055,12105,2666,87-XB-39,2666_727
5760_20250401_114_0_3,0,114_0,0,38.70372009,-9.195019722,48,2,1747479108,13410,1756,34-HU-22,1756_742
4314_20250401_116_0_8,0,116_0,1,38.76163101,-9.196769714,4,2,1747481055,13907,2487,54-BH-97,2487_726
8045_20250401_115_0_10,0,115_0,0,38.76847076,-9.104149818,37,2,1747481052,2315,1757,34-HU-23,1757_794
3828_20250401_170_0_9,0,170_0,0,38.74853134,-9.130829811,5,2,1747481060,313,1754,34-HU-20,1754_717
4785_20250401_104_0_7,0,104_0,0,38.76177979,-9.19715023,7,2,1747481060,13911,2470,74-BC-71,2470_729
6832_20250401_150_0_9,0,150_0,0,38.7445488,-9.179280281,22,2,1747481055,10704,2344,53-60-ZJ,2344_758
4782_20250401_104_0_8,0,104_0,0,38.74427032,-9.195830345,18,2,1747481072,2805,2412,92-AO-48,2412_729
3654_20250401_102_0_10,0,102_0,1,38.72068024,-9.219280243,5,2,1747481072,18711,2774,AH-22-ND,2774_714
7207_20250401_112_0_4,0,112_0,1,38.72954941,-9.140469551,41,2,1747481068,6903,2447,44-BC-33,2447_767
3806_20250401_170_0_6,0,170_0,0,38.75770187,-9.153100014,14,2,1747481066,5705,1772,63-HX-22,1772_717
8056_20250401_115_0_10,0,115_0,0,38.75236893,-9.123279572,18,2,1747481070,14728,1760,34-HU-26,1760_794
35059_20250401_236_0_12,0,236_0,0,38.7056694,-9.143899918,16,2,1747481070,3804,406,BF-93-TB,406_22B
5233_20250401_172_0_8,0,172_0,1,38.74702072,-9.156169891,1,2,1747481059,13512,2497,88-BL-71,2497_735
6077_20250401_177_0_13,0,177_0,0,38.76016998,-9.156999588,2,2,1747481062,5807,2461,55-BH-04,2461_747
7266_20250401_112_0_8,0,112_0,1,38.75268173,-9.209630013,0,2,1747481057,,2422,29-AU-17,2422_767
5008_20250401_190_0_8,0,190_0,1,38.77795029,-9.103580475,7,2,1747481074,7904,2285,67-55-ZJ,2285_731
5476_20250401_173_0_17,0,173_0,1,38.71232986,-9.135979652,6,2,1747481047,913,2967,30-VM-05,2967_737
7187_20250401_112_0_7,0,112_0,0,38.76165009,-9.166230202,21,2,1747481066,50013,2437,29-AX-09,2437_767
7243_20250401_112_0_6,0,112_0,1,38.75910187,-9.181079865,20,2,1747481054,12803,2423,29-AU-18,2423_767
3588_20250401_122_0_8,0,122_0,1,38.71802902,-9.156979561,22,2,1747481046,6801,2758,AH-36-ND,2758_713
7530_20250401_179_0_13,0,179_0,0,38.76111984,-9.191300392,21,2,1747481072,12825,2420,29-AU-15,2420_778
8075_20250401_115_0_8,0,115_0,1,38.72576904,-9.113050461,32,2,1747481071,8320,1766,63-HX-33,1766_794
3731_20250401_164_0_10,0,164_0,1,38.75062943,-9.197649956,4,2,1747481071,10905,2465,55-BH-00,2465_716
3847_20250401_170_0_8,0,170_0,1,38.75569916,-9.149000168,27,2,1747481049,5706,1765,63-HX-28,1765_717
8065_20250401_115_0_11,0,115_0,0,38.70755005,-9.133000374,0,2,1747481048,,1763,63-HX-25,1763_794
6328_20250401_106_0_8,0,106_0,1,38.75582123,-9.182849884,20,2,1747481062,10809,4612,96-GL-89,4612_750
4693_20250401_204_0_7,0,204_0,1,38.72122955,-9.114850044,27,2,1747481058,9812,4603,96-GL-81,4603_728
3858_20250401_170_0_6,0,170_0,1,38.77429962,-9.159199715,19,2,1747480962,5930,1761,63-HX-19,1761_717
7374_20250401_124_0_17,0,124_0,0,38.71508026,-9.149530411,5,2,1747481064,50075,225,84-37-XQ,225_773
4189_20250401_178_0_13,0,178_0,0,38.75642014,-9.200400352,23,2,1747481066,13706,2297,83-06-ZM,2297_724
4062_20250401_143_0_11,0,143_0,1,38.70418167,-9.173830032,6,2,1747481044,4001,2491,54-BH-98,2491_720
35078_20250401_220_0_8,0,220_0,0,38.69997025,-9.1917696,5,2,1747481067,9510,408,BF-24-TS,408_73B
7221_20250401_112_0_6,0,112_0,1,38.72948074,-9.140469551,41,2,1747481054,6903,2401,50-AL-14,2401_767
7394_20250401_124_0_14,0,124_0,1,38.71514893,-9.149029732,22,2,1747481059,6715,228,84-39-XQ,228_773
3136_20250401_165_0_10,0,165_0,1,38.77376938,-9.161430359,26,2,1747481050,5905,2474,74-BC-67,2474_703
11255_20250401_76_0_4,0,76_0,1,38.69847107,-9.22535038,2,2,1747481065,4219,609,,609_15E
4760_20250401_104_0_9,0,104_0,1,38.69741821,-9.222649574,2,2,1747481050,4209,2406,50-AL-09,2406_729
4990_20250401_190_0_9,0,190_0,0,38.76715088,-9.11950016,22,2,1747481056,8403,2289,92-60-ZM,2289_731
3657_20250401_102_0_6,0,102_0,0,38.7282486,-9.209320068,31,2,1747481063,18102,2788,AI-51-TL,2788_714
6483_20250401_109_0_9,0,109_0,0,38.7093811,-9.22451973,27,2,1747481052,18402,2831,BF-72-FZ,2831_751
3716_20250401_164_0_11,0,164_0,0,38.73817825,-9.145999908,1,2,1747481068,10915,2434,29-AU-24,2434_716
3739_20250401_164_0_9,0,164_0,0,38.7383194,-9.16201973,10,2,1747481074,1507,2464,91-BE-71,2464_716
5259_20250401_172_0_6,0,172_0,1,38.75407028,-9.150620461,0,2,1747481060,,1726,25-AS-38,1726_735
6963_20250401_144_0_6,0,144_0,1,38.75883102,-9.112170219,19,2,1747481070,8413,2610,66-VI-20,2610_759
4207_20250401_178_0_13,0,178_0,0,38.70682144,-9.178930283,0,2,1747481068,,2290,92-55-ZM,2290_724
3542_20250401_189_2_14,0,189_2,1,38.72687912,-9.146619797,3,2,1747481045,1201,2773,AH-39-ND,2773_712
2934_20250401_123_0_10,0,123_0,0,38.7412796,-9.168430328,19,2,1747481053,1612,1728,25-AS-40,1728_701
3225_20250401_147_0_9,0,147_0,1,38.7324791,-9.129570007,11,2,1747481055,7011,6012,67-ZF-26,6012_706
4597_20250401_204_0_4,0,204_0,0,38.70785141,-9.133230209,22,2,1747481067,4505,2825,BF-53-FZ,2825_728
7199_20250401_112_0_7,0,112_0,0,38.75514984,-9.144980431,15,2,1747481045,106,2418,92-AO-54,2418_767
4573_20250401_204_0_7,0,204_0,1,38.76594925,-9.09803009,10,2,1747481052,2511,2843,BF-63-FZ,2843_728
19279_20250401_178_0_8,0,178_0,1,38.75627899,-9.203949928,4,2,1747481015,13712,2296,92-51-ZM,2296_724
3526_20250401_189_2_16,0,189_2,0,38.72177887,-9.130669594,9,2,1747480972,9125,2789,AI-53-TL,2789_712
5744_20250401_114_0_7,0,114_0,1,38.73080063,-9.156620026,32,2,1747481056,6116,2212,08-05-XS,2212_742
5741_20250401_114_0_6,0,114_0,1,38.73464966,-9.137220383,40,2,1747481070,11115,2216,08-00-XS,2216_742
5683_20250401_114_0_7,0,114_0,0,38.70584869,-9.176030159,39,2,1747481055,12110,2223,08-16-XS,2223_742
5680_20250401_114_0_5,0,114_0,0,38.70325089,-9.192649841,46,2,1747481047,13406,2221,07-95-XS,2221_742
35080_20250401_247_0_8,0,247_0,0,38.72246933,-9.139320374,10,2,1747481052,9211,234,13-31-XZ,234_17B
14947_20250401_75_0_12,0,75_0,0,38.71226883,-9.130450249,13,2,1747481068,13812,561,,561_28E
14987_20250401_75_0_13,0,75_0,1,38.72127151,-9.129899979,16,2,1747480900,9130,566,,566_28E
14896_20250401_75_0_6,0,75_0,0,38.70972061,-9.136779785,17,2,1747481045,5602,568,,568_28E
5705_20250401_114_0_7,0,114_0,0,38.73350143,-9.133429527,17,2,1747481062,503,2226,06-35-XX,2226_742
5724_20250401_114_0_8,0,114_0,0,38.72610092,-9.112279892,7,2,1747481070,8302,2228,06-24-XX,2228_742
6794_20250401_150_0_9,0,150_0,0,38.72386932,-9.160869598,27,2,1747481065,10802,2237,06-27-XX,2237_758
7404_20250401_124_0_10,0,124_0,1,38.70674896,-9.173199654,0,2,1747481060,,230,13-33-XZ,230_773
7338_20250401_111_2_10,0,111_2,0,38.75471878,-9.179479599,13,2,1747481076,13612,2234,06-26-XX,2234_768
4593_20250401_204_0_6,0,204_0,0,38.77317047,-9.104649544,44,2,1747481055,7803,2835,BF-62-FZ,2835_728
11213_20250401_76_0_4,0,76_0,1,38.70698166,-9.141619682,21,2,1747481053,3823,615,,615_15E
35088_20250401_245_0_6,0,245_0,0,38.72322083,-9.143500328,2,2,1747481049,9205,407,BF-55-TT,407_19B
11290_20250401_76_0_11,0,76_0,0,38.69742966,-9.194629669,14,2,1747481066,9508,613,,613_15E
4577_20250401_204_0_6,0,204_0,0,38.77185059,-9.104519844,44,2,1747481060,7803,2832,BF-68-FZ,2832_728
