Line_ID,Color_ID,Operator,Current_Status,Latitude,Longitude,Speed,Stop_ID,District,Date,Time,Day,Workday
4701,Yellow Line,CM,In Transit,38.65761184692383,-8.990095138549805,3.0555555555555554,090059,Bairro da Remoa,2025-05-20,14:34:03,Tuesday,True
4641,Red Line,CM,In Transit,38.529945373535156,-8.885849952697754,0.0,160213,Bonfim,2025-05-20,14:34:04,Tuesday,True
4562,Red Line,CM,Approaching,38.529354095458984,-8.886043548583984,6.388888888888888,162008,Bonfim,2025-05-20,14:33:24,Tuesday,True
4562,Red Line,CM,In Transit,38.56257247924805,-8.879021644592285,0.0,130656,Portal Branco,2025-05-20,14:34:07,Tuesday,True
4412,Red Line,CM,Approaching,38.5209846496582,-8.794493675231934,13.61111111111111,160305,Unknown,2025-05-20,14:33:18,Tuesday,True
4702,Yellow Line,CM,Stationed,38.75552749633789,-8.950451850891113,0.0,010140,Canto do Pinheiro,2025-05-20,14:34:07,Tuesday,True
4705,Yellow Line,CM,In Transit,38.70626449584961,-8.976593017578125,5.833333333333333,100083,Bairro dos Pescadores,2025-05-20,14:34:05,Tuesday,True
4600,Red Line,CM,In Transit,38.653438568115234,-9.06764030456543,0.0,040006,Verderena,2025-05-20,14:34:14,Tuesday,True
4621,Red Line,CM,In Transit,38.59250259399414,-9.046308517456055,11.11111111111111,040115,Unknown,2025-05-20,14:34:12,Tuesday,True
4560,Red Line,CM,In Transit,38.53395080566406,-9.026029586791992,9.722222222222221,160758,Azeitão (São Lourenço e São Simão),2025-05-20,14:34:06,Tuesday,True
4504,Red Line,CM,Approaching,38.753684997558594,-8.959342956542969,3.333333333333333,010079,Várzea,2025-05-20,14:34:14,Tuesday,True
4420,Blue Line,CM,In Transit,38.541542053222656,-8.876148223876953,5.277777777777778,160375,Nova Azeda,2025-05-20,14:34:04,Tuesday,True
4436,Blue Line,CM,Approaching,38.526527404785156,-8.861579895019531,5.277777777777778,160209,São Sebastião,2025-05-20,14:34:10,Tuesday,True
4600,Red Line,CM,Approaching,38.655391693115234,-9.064664840698242,8.333333333333334,040007,Verderena,2025-05-20,14:34:09,Tuesday,True
4107,Blue Line,CM,Approaching,38.65549087524414,-9.027511596679688,2.7777777777777777,090090,Bairro Gouveia,2025-05-20,14:34:11,Tuesday,True
4406,Blue Line,CM,In Transit,38.5233268737793,-8.896556854248047,8.055555555555555,160161,Troino,2025-05-20,14:34:06,Tuesday,True
4452,Red Line,CM,In Transit,38.515357971191406,-8.82960319519043,0.0,160695,Urbanização Casas do Sado,2025-05-20,14:34:16,Tuesday,True
4512,Red Line,CM,In Transit,38.62679672241211,-8.916885375976562,8.333333333333334,130228,Pinhal Novo,2025-05-20,14:34:05,Tuesday,True
4540,Red Line,CM,In Transit,38.5560188293457,-8.799625396728516,15.555555555555555,160009,Poceirão e Marateca,2025-05-20,14:34:05,Tuesday,True
4422,Red Line,CM,In Transit,38.52722930908203,-8.905755043029785,0.0,160442,Bairro dos Pescadores,2025-05-20,14:34:12,Tuesday,True
4701,Yellow Line,CM,In Transit,38.679649353027344,-8.943581581115723,15.277777777777777,060005,Atalaia e Alto Estanqueiro-Jardia,2025-05-20,14:34:04,Tuesday,True
4437,Red Line,CM,Stationed,38.52822494506836,-8.882718086242676,0.0,160065,Arangues,2025-05-20,14:34:14,Tuesday,True
2220,Blue Line,CM,In Transit,38.79264450073242,-9.172589302062988,0.0,110577,Bairro dos Cágados,2025-05-20,14:33:50,Tuesday,True
3017,Red Line,CM,Stationed,38.64863586425781,-9.18354606628418,0.0,020592,Casal do Outeiro,2025-05-20,14:34:07,Tuesday,True
4720,Yellow Line,CM,In Transit,38.530853271484375,-8.885716438293457,5.555555555555555,162001,Bonfim,2025-05-20,14:34:04,Tuesday,True
1525,Red Line,CM,In Transit,38.74577331542969,-9.282118797302246,7.777777777777778,121144,Fontainhas,2025-05-20,14:33:06,Tuesday,True
1721,Red Line,CM,In Transit,38.7569580078125,-9.23119068145752,10.0,030685,Reboleira,2025-05-20,14:33:59,Tuesday,True
3013,Red Line,CM,Approaching,38.65293502807617,-9.165815353393555,5.277777777777778,020516,Alembrança,2025-05-20,14:34:04,Tuesday,True
3103,Red Line,CM,Approaching,38.626373291015625,-9.118952751159668,9.722222222222221,140217,Amora,2025-05-20,14:34:09,Tuesday,True
2703,Red Line,CM,Stationed,38.79862594604492,-9.147605895996094,0.0,070636,Zona Antiga de Fetais,2025-05-20,14:33:50,Tuesday,True
2310,Red Line,CM,Approaching,38.972965240478516,-8.983390808105469,9.722222222222221,180780,Povos,2025-05-20,14:34:10,Tuesday,True
1724,Red Line,CM,In Transit,38.71099853515625,-9.238848686218262,8.61111111111111,120160,Pedreira dos Húngaros,2025-05-20,14:34:01,Tuesday,True
1218,Red Line,CM,Approaching,38.7881965637207,-9.305148124694824,0.0,170487,Agualva e Mira-Sintra,2025-05-20,14:34:04,Tuesday,True
1502,Red Line,CM,Stationed,38.70390319824219,-9.230488777160645,0.0,121059,Baixa de Algés,2025-05-20,14:34:11,Tuesday,True
1241,Red Line,CM,Approaching,38.7994270324707,-9.420282363891602,15.0,171388,"Sintra (Santa Maria e São Miguel, São Martinho e São Pedro de Penaferrim)",2025-05-20,14:34:14,Tuesday,True
3526,Red Line,CM,In Transit,38.639217376708984,-9.152737617492676,6.388888888888888,149999,Quinta da Marialva,2025-05-20,14:34:02,Tuesday,True
3716,Red Line,CM,In Transit,38.719669342041016,-9.174976348876953,8.333333333333334,060399,Santa Isabel,2025-05-20,14:33:57,Tuesday,True
2796,Red Line,CM,In Transit,38.84059524536133,-9.16103744506836,7.777777777777778,070443,Infantado,2025-05-20,14:34:01,Tuesday,True
2711,Red Line,CM,In Transit,38.78770446777344,-9.103513717651367,7.222222222222222,070693,Urbanização Real Forte,2025-05-20,14:34:15,Tuesday,True
2711,Red Line,CM,Stationed,38.80088424682617,-9.119955062866211,0.0,070620,Campo do Rio,2025-05-20,14:34:14,Tuesday,True
4307,Red Line,CM,In Transit,38.6297721862793,-8.739493370056152,10.555555555555555,130256,Poceirão e Marateca,2025-05-20,14:34:14,Tuesday,True
1502,Red Line,CM,Stationed,38.7274169921875,-9.234228134155273,0.0,120037,Outurela,2025-05-20,14:33:52,Tuesday,True
1510,Blue Line,CM,In Transit,38.76023864746094,-9.240575790405273,1.9444444444444444,030475,Venteira,2025-05-20,14:34:00,Tuesday,True
1608,Red Line,CM,Approaching,38.69105529785156,-9.319357872009277,4.722222222222222,120829,Nova Oeiras,2025-05-20,14:33:59,Tuesday,True
1707,Red Line,CM,Approaching,38.77851867675781,-9.233837127685547,7.222222222222222,030792,Moinhos da Funcheira,2025-05-20,14:34:14,Tuesday,True
4725,Yellow Line,CM,In Transit,38.57974624633789,-9.043781280517578,24.166666666666664,160027,Quinta do Conde,2025-05-20,14:34:07,Tuesday,True
1622,Red Line,CM,In Transit,38.72420120239258,-9.336125373840332,7.777777777777778,050124,Abóboda,2025-05-20,14:33:38,Tuesday,True
1235,Red Line,CM,In Transit,38.827457427978516,-9.277872085571289,7.777777777777778,170344,Sintra,2025-05-20,14:34:01,Tuesday,True
4307,Red Line,CM,In Transit,38.57698440551758,-8.874221801757812,0.8333333333333333,130009,Cabeço do Velhinho,2025-05-20,14:34:07,Tuesday,True
4621,Red Line,CM,Stationed,38.58135986328125,-9.044170379638672,0.0,040119,Unknown,2025-05-20,14:34:13,Tuesday,True
1516,Red Line,CM,Approaching,38.803165435791016,-9.228418350219727,8.61111111111111,171557,Portela de Cambra,2025-05-20,14:32:48,Tuesday,True
4602,Red Line,CM,In Transit,38.65666961669922,-9.056931495666504,12.5,040005,Verderena,2025-05-20,14:34:07,Tuesday,True
1248,Red Line,CM,Stationed,38.81411361694336,-9.385851860046387,3.888888888888889,171716,Várzea de Sintra,2025-05-20,14:34:10,Tuesday,True
4600,Red Line,CM,In Transit,38.67664337158203,-8.968914985656738,15.555555555555555,100421,Novo Jaime,2025-05-20,14:34:06,Tuesday,True
4321,Red Line,CM,In Transit,38.623504638671875,-8.913735389709473,11.666666666666666,130369,Pinhal Novo,2025-05-20,14:34:06,Tuesday,True
4403,Blue Line,CM,Approaching,38.548004150390625,-8.898385047912598,4.166666666666667,160073,Amoreiras,2025-05-20,14:34:07,Tuesday,True
4725,Yellow Line,CM,In Transit,38.59341049194336,-9.07022476196289,28.055555555555554,160027,Flor da Mata,2025-05-20,14:34:05,Tuesday,True
4503,Red Line,CM,In Transit,38.70677185058594,-8.927236557006836,9.166666666666666,100289,Urbanização dos Cruzeiros,2025-05-20,14:34:07,Tuesday,True
4600,Red Line,CM,In Transit,38.70012664794922,-8.95747184753418,0.5555555555555556,100008,Bairro da Bela Vista,2025-05-20,14:34:09,Tuesday,True
1714,Red Line,CM,In Transit,38.74909973144531,-9.233799934387207,0.0,030515,Venteira,2025-05-20,14:33:41,Tuesday,True
4544,Red Line,CM,In Transit,38.538047790527344,-8.844758033752441,1.3888888888888888,160395,Gâmbia-Pontes-Alto da Guerra,2025-05-20,14:34:07,Tuesday,True
4524,Red Line,CM,In Transit,38.63330078125,-8.743120193481445,0.0,130160,Palmela,2025-05-20,14:34:07,Tuesday,True
1245,Red Line,CM,In Transit,38.80402755737305,-9.381339073181152,7.222222222222222,171315,Estefânea,2025-05-20,14:34:02,Tuesday,True
1522,Red Line,CM,In Transit,38.72004699707031,-9.234864234924316,12.5,120397,Nova Carnaxide,2025-05-20,14:34:13,Tuesday,True
2223,Red Line,CM,Stationed,38.80354690551758,-9.211747169494629,0.2777777777777778,110615,Bairro dos Quatro,2025-05-20,14:34:10,Tuesday,True
3022,Red Line,CM,In Transit,38.680362701416016,-9.155985832214355,4.166666666666667,020047,Cova da Piedade,2025-05-20,14:33:39,Tuesday,True
3026,Blue Line,CM,Approaching,38.67312240600586,-9.175352096557617,5.555555555555555,021064,Pragal,2025-05-20,14:33:56,Tuesday,True
1509,Red Line,CM,In Transit,38.792118072509766,-9.231576919555664,4.444444444444445,030641,Urbanização Moinho do Guizo,2025-05-20,14:34:05,Tuesday,True
3615,Red Line,CM,In Transit,38.623741149902344,-9.077563285827637,15.833333333333332,140020,Casal de Santo António,2025-05-20,14:34:08,Tuesday,True
1254,Red Line,CM,In Transit,38.80382537841797,-9.42735481262207,16.11111111111111,171356,"Sintra (Santa Maria e São Miguel, São Martinho e São Pedro de Penaferrim)",2025-05-20,14:33:57,Tuesday,True
2006,Blue Line,CM,In Transit,38.90848922729492,-9.125563621520996,12.222222222222221,070141,Quinta das Murgas,2025-05-20,14:34:00,Tuesday,True
3635,Red Line,CM,In Transit,38.56020736694336,-9.035750389099121,5.277777777777778,150007,Quinta do Conde,2025-05-20,14:34:16,Tuesday,True
3222,Blue Line,CM,In Transit,38.56993865966797,-9.038021087646484,6.944444444444445,150017,Quinta do Conde,2025-05-20,14:33:54,Tuesday,True
1234,Red Line,CM,Approaching,38.78251266479492,-9.30086898803711,0.0,171204,Agualva,2025-05-20,14:34:16,Tuesday,True
3508,Red Line,CM,In Transit,38.63441848754883,-9.143598556518555,12.5,140137,Quinta das Lagoas,2025-05-20,14:34:09,Tuesday,True
1704,Red Line,CM,Stationed,38.723331451416016,-9.166430473327637,0.0,060450,Campolide,2025-05-20,14:34:14,Tuesday,True
3620,Red Line,CM,In Transit,38.56804275512695,-9.04819393157959,6.388888888888888,150023,Quinta do Conde,2025-05-20,14:33:43,Tuesday,True
1124,Blue Line,CM,Approaching,38.694061279296875,-9.29645824432373,8.88888888888889,120885,Bairro Comandante Joaquim Matias,2025-05-20,14:34:05,Tuesday,True
1631,Red Line,CM,In Transit,38.78008270263672,-9.349725723266602,0.2777777777777778,170131,Vale Flores,2025-05-20,14:34:07,Tuesday,True
2722,Red Line,CM,Stationed,38.80579376220703,-9.101369857788086,0.0,071293,"Santa Iria de Azoia, São João da Talha e Bobadela",2025-05-20,14:33:58,Tuesday,True
2030,Blue Line,CM,Approaching,38.79711151123047,-9.116659164428711,13.055555555555555,070613,Quinta do Mocho,2025-05-20,14:33:44,Tuesday,True
2725,Red Line,CM,Stationed,38.82889175415039,-9.166815757751465,0.0,070032,Bairro Almoínhas,2025-05-20,14:34:08,Tuesday,True
2011,Red Line,CM,Approaching,38.8847770690918,-9.193568229675293,9.444444444444445,070221,Unknown,2025-05-20,14:34:11,Tuesday,True
1249,Red Line,CM,Stationed,38.847251892089844,-9.378117561340332,0.0,170023,São João das Lampas e Terrugem,2025-05-20,14:33:58,Tuesday,True
1242,Red Line,CM,In Transit,38.802555084228516,-9.456870079040527,10.555555555555555,171338,Mucifal,2025-05-20,14:33:52,Tuesday,True
4426,Blue Line,CM,In Transit,38.52509689331055,-8.905338287353516,0.5555555555555556,160269,São Francisco Xavier,2025-05-20,14:34:03,Tuesday,True
1720,Red Line,CM,Stationed,38.80257797241211,-9.230629920959473,0.0,172049,Portela de Cambra,2025-05-20,14:34:06,Tuesday,True
1723,Red Line,CM,In Transit,38.72658920288086,-9.239919662475586,9.444444444444445,120097,Bairro do Aqueduto,2025-05-20,14:34:03,Tuesday,True
1213,Red Line,CM,Stationed,38.770084381103516,-9.310403823852539,0.0,170449,Cacém,2025-05-20,14:33:39,Tuesday,True
1713,Red Line,CM,In Transit,38.7076530456543,-9.225482940673828,8.333333333333334,120345,Núcleo Urbano Histórico de Algés,2025-05-20,14:34:03,Tuesday,True
2141,Red Line,CM,In Transit,38.95098876953125,-9.33233642578125,0.0,080813,Salgados,2025-05-20,14:34:12,Tuesday,True
1624,Red Line,CM,In Transit,38.7332763671875,-9.447117805480957,13.055555555555555,050303,Outeiro do Zambujeiro,2025-05-20,14:34:12,Tuesday,True
1001,Red Line,CM,In Transit,38.74275588989258,-9.20560359954834,5.833333333333333,030035,Benfica,2025-05-20,14:33:37,Tuesday,True
1721,Red Line,CM,In Transit,38.75058364868164,-9.20104694366455,6.111111111111111,060053,Benfica,2025-05-20,14:33:31,Tuesday,True
4562,Red Line,CM,In Transit,38.529212951660156,-8.885886192321777,0.0,162008,Arangues,2025-05-20,14:34:08,Tuesday,True
4204,Blue Line,CM,In Transit,38.703025817871094,-8.96353816986084,3.888888888888889,100009,Pocinho,2025-05-20,14:34:12,Tuesday,True
4720,Yellow Line,CM,In Transit,38.76755905151367,-9.100406646728516,0.0,060011,Parque das Nações,2025-05-20,14:34:08,Tuesday,True
4600,Red Line,CM,In Transit,38.64744186401367,-8.992578506469727,0.0,090183,Bairro do Juncalinho,2025-05-20,14:34:07,Tuesday,True
4404,Blue Line,CM,In Transit,38.53376007080078,-8.893106460571289,0.0,160097,Bairro do Liceu,2025-05-20,14:34:10,Tuesday,True
3620,Red Line,CM,Approaching,38.58540344238281,-9.05179214477539,9.722222222222221,142335,"Seixal, Arrentela e Aldeia de Paio Pires",2025-05-20,14:32:49,Tuesday,True
1103,Red Line,CM,In Transit,38.72658157348633,-9.239986419677734,9.444444444444445,120277,Bairro do Aqueduto,2025-05-20,14:33:59,Tuesday,True
1608,Red Line,CM,In Transit,38.73654556274414,-9.310121536254883,8.333333333333334,121002,Porto Salvo,2025-05-20,14:34:12,Tuesday,True
4203,Blue Line,CM,In Transit,38.71315002441406,-8.9608154296875,5.0,100067,Bairro do Corte Esteval,2025-05-20,14:34:03,Tuesday,True
1008,Blue Line,CM,Approaching,38.75104522705078,-9.217597007751465,7.777777777777778,030285,Venda Nova,2025-05-20,14:34:07,Tuesday,True
1601,Red Line,CM,In Transit,38.729366302490234,-9.301372528076172,5.833333333333333,121276,Leião,2025-05-20,14:34:05,Tuesday,True
3508,Red Line,CM,In Transit,38.6158561706543,-9.107908248901367,6.666666666666666,140227,Fogueteiro,2025-05-20,14:34:07,Tuesday,True
2772,Red Line,CM,Stationed,38.81256103515625,-9.178455352783203,0.0,070323,Torres da Bela Vista,2025-05-20,14:34:01,Tuesday,True
4704,Yellow Line,CM,Approaching,38.696441650390625,-8.928858757019043,12.777777777777777,100171,Atalaia e Alto Estanqueiro-Jardia,2025-05-20,14:33:30,Tuesday,True
2812,Red Line,CM,Approaching,38.789066314697266,-9.169149398803711,18.88888888888889,110591,Póvoa de Santo Adrião e Olival Basto,2025-05-20,14:34:14,Tuesday,True
3508,Red Line,CM,Stationed,38.643516540527344,-9.098170280456543,0.0,140575,Quinta da Trindade,2025-05-20,14:34:13,Tuesday,True
2020,Blue Line,CM,In Transit,38.81650161743164,-9.17443561553955,0.0,070322,Torres da Bela Vista,2025-05-20,14:34:06,Tuesday,True
2764,Red Line,CM,Approaching,38.827598571777344,-9.163924217224121,2.2222222222222223,070035,Bairro Almoínhas,2025-05-20,14:33:53,Tuesday,True
2626,Red Line,CM,Approaching,38.9398307800293,-9.334917068481445,4.166666666666667,080208,Mafra,2025-05-20,14:34:04,Tuesday,True
1701,Red Line,CM,Stationed,38.69849395751953,-9.227584838867188,0.2777777777777778,121095,Baixa de Algés,2025-05-20,14:34:16,Tuesday,True
2729,Red Line,CM,Stationed,38.84025955200195,-9.097007751464844,1.1111111111111112,071492,Alto do Convento,2025-05-20,14:34:09,Tuesday,True
1718,Red Line,CM,Approaching,38.74967956542969,-9.220376014709473,7.222222222222222,030583,Damaia,2025-05-20,14:34:10,Tuesday,True
1731,Red Line,CM,Stationed,38.766990661621094,-9.305389404296875,0.2777777777777778,170683,Cacém,2025-05-20,14:34:10,Tuesday,True
1524,Blue Line,CM,In Transit,38.762874603271484,-9.298636436462402,0.0,170743,Cacém,2025-05-20,14:34:15,Tuesday,True
3041,Red Line,CM,In Transit,38.654598236083984,-9.162885665893555,5.833333333333333,020862,Alembrança,2025-05-20,14:34:14,Tuesday,True
1717,Red Line,CM,Approaching,38.745948791503906,-9.281176567077637,8.61111111111111,121167,Fontainhas,2025-05-20,14:34:14,Tuesday,True
1245,Red Line,CM,Approaching,38.802486419677734,-9.376906394958496,4.166666666666667,170307,Portela de Sintra,2025-05-20,14:33:16,Tuesday,True
1506,Red Line,CM,Stationed,38.736602783203125,-9.225576400756836,0.0,030076,Alfragide,2025-05-20,14:34:10,Tuesday,True
4438,Red Line,CM,In Transit,38.523475646972656,-8.895284652709961,2.5,160351,Centro Histórico,2025-05-20,14:34:07,Tuesday,True
4504,Red Line,CM,Approaching,38.720481872558594,-8.904364585876465,6.388888888888888,012854,Alcochete,2025-05-20,14:34:14,Tuesday,True
3703,Red Line,CM,In Transit,38.73737716674805,-9.156607627868652,7.222222222222222,061220,Campolide,2025-05-20,14:33:45,Tuesday,True
4701,Yellow Line,CM,In Transit,38.77993392944336,-9.10506820678711,18.055555555555554,100417,Jardins do Cristo Rei,2025-05-20,14:34:09,Tuesday,True
4426,Blue Line,CM,In Transit,38.528846740722656,-8.885588645935059,5.277777777777778,160213,Arangues,2025-05-20,14:34:08,Tuesday,True
4600,Red Line,CM,In Transit,38.71115493774414,-8.988882064819336,0.0,100349,Alto da Caneira,2025-05-20,14:34:09,Tuesday,True
4410,Red Line,CM,In Transit,38.523101806640625,-8.857196807861328,8.61111111111111,160279,São Sebastião,2025-05-20,14:34:08,Tuesday,True
4612,Red Line,CM,In Transit,38.553550720214844,-8.985026359558105,14.722222222222221,130700,Palmela,2025-05-20,14:34:09,Tuesday,True
4305,Red Line,CM,In Transit,38.58220672607422,-8.831711769104004,10.555555555555555,130755,Palmela,2025-05-20,14:34:10,Tuesday,True
4532,Red Line,CM,In Transit,38.661373138427734,-8.98673152923584,0.0,090099,Bairro da Bela Vista,2025-05-20,14:34:10,Tuesday,True
4403,Blue Line,CM,Approaching,38.53864288330078,-8.894726753234863,4.166666666666667,160082,Bairro do Liceu,2025-05-20,14:34:09,Tuesday,True
1615,Red Line,CM,Stationed,38.77582931518555,-9.34203815460205,1.1111111111111112,170049,Alto do Forte,2025-05-20,14:34:07,Tuesday,True
2219,Red Line,CM,Stationed,38.79679870605469,-9.173803329467773,3.888888888888889,110524,Amorosa,2025-05-20,14:34:09,Tuesday,True
2762,Red Line,CM,Stationed,38.83788299560547,-9.166733741760254,0.8333333333333333,070949,Fanqueiro,2025-05-20,14:34:15,Tuesday,True
1206,Red Line,CM,Approaching,38.803279876708984,-9.352346420288086,8.88888888888889,170206,Casal da Cavaleira,2025-05-20,14:34:06,Tuesday,True
1704,Red Line,CM,Stationed,38.74345397949219,-9.218839645385742,0.0,030783,Damaia,2025-05-20,14:33:59,Tuesday,True
1726,Red Line,CM,Stationed,38.728878021240234,-9.24481201171875,0.0,120045,Bairro do Aqueduto,2025-05-20,14:34:00,Tuesday,True
1014,Red Line,CM,Stationed,38.76869201660156,-9.240086555480957,0.0,030339,Mina,2025-05-20,14:32:51,Tuesday,True
1601,Red Line,CM,Stationed,38.75602722167969,-9.218338012695312,0.2777777777777778,030860,Falagueira-Venda Nova,2025-05-20,14:34:08,Tuesday,True
2740,Yellow Line,CM,In Transit,38.92009735107422,-9.279667854309082,13.61111111111111,080334,Malveira e São Miguel de Alcainça,2025-05-20,14:33:51,Tuesday,True
2805,Yellow Line,CM,Approaching,38.9276237487793,-9.237677574157715,10.833333333333334,082003,Venda do Pinheiro e Santo Estêvão das Galés,2025-05-20,14:34:15,Tuesday,True
3528,Red Line,CM,Stationed,38.62840270996094,-9.14792537689209,0.0,140695,Corroios,2025-05-20,14:34:01,Tuesday,True
2039,Red Line,CM,In Transit,38.838924407958984,-9.15896224975586,3.888888888888889,070383,Infantado,2025-05-20,14:33:52,Tuesday,True
3004,Red Line,CM,In Transit,38.64961242675781,-9.172513961791992,7.222222222222222,020129,Vale Flores,2025-05-20,14:34:15,Tuesday,True
3513,Red Line,CM,Approaching,38.67256546020508,-9.155352592468262,7.5,020535,Cova da Piedade,2025-05-20,14:34:12,Tuesday,True
1624,Red Line,CM,In Transit,38.8026123046875,-9.381611824035645,4.722222222222222,171382,Estefânea,2025-05-20,14:33:53,Tuesday,True
3011,Red Line,CM,In Transit,38.645973205566406,-9.233558654785156,6.666666666666666,020445,Boca do Grilo,2025-05-20,14:33:54,Tuesday,True
1510,Blue Line,CM,Stationed,38.7495002746582,-9.215633392333984,0.0,030671,Falagueira-Venda Nova,2025-05-20,14:34:14,Tuesday,True
2713,Red Line,CM,Approaching,38.79665756225586,-9.105159759521484,0.5555555555555556,071295,Urbanização Real Forte,2025-05-20,14:34:01,Tuesday,True
3013,Red Line,CM,In Transit,38.65177536010742,-9.160910606384277,6.111111111111111,020513,Alembrança,2025-05-20,14:34:05,Tuesday,True
3119,Red Line,CM,Approaching,38.63237762451172,-9.117284774780273,5.0,140151,Medideira,2025-05-20,14:34:06,Tuesday,True
1612,Red Line,CM,Stationed,38.73908996582031,-9.304773330688477,0.0,121104,Porto Salvo,2025-05-20,14:34:00,Tuesday,True
4443,Red Line,CM,In Transit,38.526248931884766,-8.811118125915527,7.777777777777778,160384,Unknown,2025-05-20,14:34:10,Tuesday,True
3114,Red Line,CM,Stationed,38.620792388916016,-9.082534790039062,0.0,140279,Quinta da Courela,2025-05-20,14:34:00,Tuesday,True
4504,Red Line,CM,Approaching,38.751502990722656,-8.944348335266113,8.88888888888889,010135,Quebradas,2025-05-20,14:33:18,Tuesday,True
3516,Red Line,CM,In Transit,38.6413688659668,-9.165858268737793,12.5,140685,Quinta do Chiado,2025-05-20,14:34:10,Tuesday,True
2306,Red Line,CM,Stationed,38.89945602416992,-9.037266731262207,0.8333333333333333,180143,Unknown,2025-05-20,14:33:56,Tuesday,True
4501,Red Line,CM,Stationed,38.74919128417969,-8.96534538269043,0.0,010081,Bairro Coophabital,2025-05-20,14:34:14,Tuesday,True
1205,Blue Line,CM,In Transit,38.80036163330078,-9.34994125366211,0.0,170203,Ouressa,2025-05-20,14:34:04,Tuesday,True
2029,Blue Line,CM,Approaching,38.775543212890625,-9.102092742919922,2.5,070575,Jardins do Cristo Rei,2025-05-20,14:33:59,Tuesday,True
2626,Red Line,CM,Approaching,38.930702209472656,-9.311044692993164,17.77777777777778,080458,Igreja Nova e Cheleiros,2025-05-20,14:33:51,Tuesday,True
2740,Yellow Line,CM,In Transit,38.93252944946289,-9.326706886291504,5.833333333333333,080345,Mafra,2025-05-20,14:33:56,Tuesday,True
2761,Red Line,CM,In Transit,38.85280227661133,-9.149710655212402,13.88888888888889,070939,Quinta do Aqueduto,2025-05-20,14:33:57,Tuesday,True
1606,Red Line,CM,Approaching,38.70376968383789,-9.290453910827637,5.0,120633,Alto da Loba,2025-05-20,14:34:09,Tuesday,True
4436,Blue Line,CM,In Transit,38.52582931518555,-8.869462966918945,7.777777777777778,160035,São Sebastião,2025-05-20,14:34:03,Tuesday,True
1703,Red Line,CM,In Transit,38.76634979248047,-9.212791442871094,5.277777777777778,030701,Alfornelos,2025-05-20,14:33:53,Tuesday,True
1617,Red Line,CM,In Transit,38.706661224365234,-9.29536247253418,3.888888888888889,120610,Alto da Loba,2025-05-20,14:33:55,Tuesday,True
1524,Blue Line,CM,Stationed,38.7454833984375,-9.304802894592285,0.2777777777777778,121092,Porto Salvo,2025-05-20,14:34:08,Tuesday,True
1250,Red Line,CM,In Transit,38.802581787109375,-9.456707954406738,10.833333333333334,171338,Mucifal,2025-05-20,14:33:54,Tuesday,True
1230,Blue Line,CM,Approaching,38.762054443359375,-9.26590633392334,7.777777777777778,172187,Massamá e Monte Abraão,2025-05-20,14:34:11,Tuesday,True
1209,Red Line,CM,Stationed,38.76596450805664,-9.321290016174316,8.88888888888889,170415,Rio de Mouro Velho,2025-05-20,14:33:12,Tuesday,True
1527,Red Line,CM,Approaching,38.73856735229492,-9.26998519897461,10.833333333333334,120393,Oeiras,2025-05-20,14:34:13,Tuesday,True
1710,Red Line,CM,Stationed,38.77739715576172,-9.218009948730469,0.2777777777777778,030870,Encosta do Sol,2025-05-20,14:34:05,Tuesday,True
1222,Blue Line,CM,Stationed,38.76946258544922,-9.312257766723633,0.0,170441,Cacém,2025-05-20,14:34:14,Tuesday,True
3106,Blue Line,CM,In Transit,38.563621520996094,-9.074448585510254,7.5,140455,Redondos,2025-05-20,14:33:31,Tuesday,True
1251,Red Line,CM,In Transit,38.798892974853516,-9.355416297912598,4.166666666666667,170811,Ouressa,2025-05-20,14:34:01,Tuesday,True
3103,Red Line,CM,In Transit,38.61074447631836,-9.093146324157715,1.9444444444444444,140330,Bacelos de Gaio,2025-05-20,14:34:11,Tuesday,True
1106,Red Line,CM,In Transit,38.71721649169922,-9.263442039489746,4.722222222222222,120337,Bairro da CHEUNI,2025-05-20,14:33:51,Tuesday,True
3012,Red Line,CM,Stationed,38.687591552734375,-9.14681625366211,0.0,020403,Cacilhas,2025-05-20,14:32:57,Tuesday,True
3022,Red Line,CM,In Transit,38.67406463623047,-9.1688814163208,9.166666666666666,020427,Pragal,2025-05-20,14:33:56,Tuesday,True
3601,Red Line,CM,In Transit,38.67213821411133,-9.175080299377441,6.666666666666666,020289,Pragal,2025-05-20,14:33:50,Tuesday,True
3526,Red Line,CM,In Transit,38.65324783325195,-9.145101547241211,6.111111111111111,140711,Miratejo,2025-05-20,14:33:40,Tuesday,True
3017,Red Line,CM,In Transit,38.66002655029297,-9.17722225189209,8.333333333333334,020526,Quinta de Santa Ana,2025-05-20,14:33:46,Tuesday,True
1606,Red Line,CM,In Transit,38.708560943603516,-9.288435935974121,4.444444444444445,120636,Alto da Terrugem,2025-05-20,14:33:46,Tuesday,True
1507,Red Line,CM,In Transit,38.741790771484375,-9.206160545349121,8.333333333333334,030035,Buraca,2025-05-20,14:34:14,Tuesday,True
4706,Yellow Line,CM,In Transit,38.78347396850586,-9.105661392211914,13.055555555555555,100042,Jardins do Cristo Rei,2025-05-20,14:34:11,Tuesday,True
2202,Red Line,CM,In Transit,38.79475784301758,-9.195502281188965,10.0,110075,Trigache,2025-05-20,14:33:54,Tuesday,True
4702,Yellow Line,CM,In Transit,38.75114440917969,-8.942925453186035,0.0,010135,Quebradas,2025-05-20,14:34:11,Tuesday,True
4702,Yellow Line,CM,In Transit,38.767730712890625,-9.100378036499023,0.0,060009,Parque das Nações,2025-05-20,14:34:10,Tuesday,True
4710,Yellow Line,CM,In Transit,38.57701110839844,-8.896061897277832,13.055555555555555,130020,São Julião,2025-05-20,14:34:12,Tuesday,True
4464,Blue Line,CM,In Transit,38.543663024902344,-9.017829895019531,10.555555555555555,160747,Azeitão (São Lourenço e São Simão),2025-05-20,14:34:11,Tuesday,True
4432,Red Line,CM,In Transit,38.52298355102539,-8.955806732177734,18.333333333333332,160549,"Setúbal (São Julião, Nossa Senhora da Anunciada e Santa Maria da Graça)",2025-05-20,14:34:13,Tuesday,True
4426,Blue Line,CM,Approaching,38.52141189575195,-8.869154930114746,9.444444444444445,160018,São Sebastião,2025-05-20,14:34:15,Tuesday,True
2754,Red Line,CM,In Transit,38.91041564941406,-9.194753646850586,12.777777777777777,081023,Mafra,2025-05-20,14:33:37,Tuesday,True
2038,Red Line,CM,In Transit,38.84736251831055,-9.162161827087402,6.666666666666666,070942,Quinta Nova de São Roque,2025-05-20,14:34:13,Tuesday,True
4422,Red Line,CM,In Transit,38.522727966308594,-8.901838302612305,1.6666666666666665,160460,Saboaria,2025-05-20,14:34:11,Tuesday,True
1614,Red Line,CM,Approaching,38.79892349243164,-9.355480194091797,4.444444444444445,170810,Ouressa,2025-05-20,14:34:13,Tuesday,True
1228,Red Line,CM,In Transit,38.75318908691406,-9.278655052185059,9.166666666666666,170943,Moinho Encarnado,2025-05-20,14:33:31,Tuesday,True
4514,Red Line,CM,In Transit,38.71886444091797,-8.726605415344238,12.777777777777777,130489,Poceirão e Marateca,2025-05-20,14:34:10,Tuesday,True
1230,Blue Line,CM,In Transit,38.75743103027344,-9.258273124694824,7.222222222222222,170927,Vale de Carenque,2025-05-20,14:33:46,Tuesday,True
1720,Red Line,CM,In Transit,38.756927490234375,-9.231159210205078,10.277777777777777,030685,Reboleira,2025-05-20,14:33:59,Tuesday,True
3507,Red Line,CM,In Transit,38.667049407958984,-9.181831359863281,5.555555555555555,020275,Bairro da Bela Vista,2025-05-20,14:34:15,Tuesday,True
2026,Blue Line,CM,Stationed,38.82684326171875,-9.16247272491455,0.0,070389,Bairro Almoínhas,2025-05-20,14:34:09,Tuesday,True
3024,Red Line,CM,Stationed,38.64454650878906,-9.211140632629395,0.0,020649,Caparica e Trafaria,2025-05-20,14:34:12,Tuesday,True
1710,Red Line,CM,Stationed,38.81574630737305,-9.226234436035156,0.0,110057,Bairro Tomada do Capão,2025-05-20,14:32:53,Tuesday,True
1251,Red Line,CM,Stationed,38.786949157714844,-9.332880020141602,0.0,170086,Serra das Minas,2025-05-20,14:34:04,Tuesday,True
1710,Red Line,CM,Approaching,38.77210998535156,-9.211524963378906,7.5,030817,Alfornelos,2025-05-20,14:34:14,Tuesday,True
3040,Red Line,CM,Approaching,38.64594268798828,-9.16899585723877,6.111111111111111,020133,Laranjeiro e Feijó,2025-05-20,14:34:12,Tuesday,True
3615,Red Line,CM,Approaching,38.59439468383789,-9.044699668884277,0.0,040121,Unknown,2025-05-20,14:33:55,Tuesday,True
1223,Red Line,CM,In Transit,38.78890609741211,-9.354961395263672,13.88888888888889,170117,Vale Flores,2025-05-20,14:34:08,Tuesday,True
1212,Red Line,CM,Approaching,38.768985748291016,-9.259366989135742,15.0,170592,Quinta da Samaritana,2025-05-20,14:34:09,Tuesday,True
2207,red Line,CM,In Transit,38.81428146362305,-9.214912414550781,6.666666666666666,110195,Bairro dos CTT,2025-05-20,14:33:49,Tuesday,True
2039,Red Line,CM,Approaching,38.85525131225586,-9.13528060913086,12.777777777777777,070936,Bairro do Tazim,2025-05-20,14:34:09,Tuesday,True
2781,Red Line,CM,Stationed,38.78676223754883,-9.180563926696777,0.2777777777777778,111001,Bairro Doutor Lima Pimentel,2025-05-20,14:34:06,Tuesday,True
4562,Red Line,CM,In Transit,38.52301025390625,-9.023255348205566,0.0,160936,Azeitão (São Lourenço e São Simão),2025-05-20,14:34:11,Tuesday,True
4102,Red Line,CM,In Transit,38.64500045776367,-8.996101379394531,0.0,090052,Moita,2025-05-20,14:34:11,Tuesday,True
4705,Yellow Line,CM,In Transit,38.7210807800293,-9.00277328491211,0.0,100283,Samouco,2025-05-20,14:34:05,Tuesday,True
4641,Red Line,CM,In Transit,38.553428649902344,-9.034228324890137,11.38888888888889,160952,Azeitão (São Lourenço e São Simão),2025-05-20,14:34:12,Tuesday,True
2769,Red Line,CM,Stationed,38.811275482177734,-9.165184020996094,0.8333333333333333,070302,Urbanização do Almirante,2025-05-20,14:34:15,Tuesday,True
4482,Red Line,CM,In Transit,38.53044509887695,-8.88609790802002,3.611111111111111,160068,Bonfim,2025-05-20,14:34:11,Tuesday,True
4207,Blue Line,CM,In Transit,38.701419830322266,-8.952738761901855,5.277777777777778,100155,Varandas do Montijo,2025-05-20,14:34:16,Tuesday,True
2303,Red Line,CM,Approaching,38.905723571777344,-9.045977592468262,4.444444444444445,182269,Vale de Arcena,2025-05-20,14:34:01,Tuesday,True
2710,Red Line,CM,Approaching,38.77872085571289,-9.145342826843262,7.777777777777778,060235,Alta de Lisboa,2025-05-20,14:34:04,Tuesday,True
1718,Red Line,CM,Stationed,38.757266998291016,-9.236047744750977,0.0,030477,Venteira,2025-05-20,14:33:59,Tuesday,True
1205,Blue Line,CM,Stationed,38.79682922363281,-9.333727836608887,0.8333333333333333,170269,Tapada das Mercês,2025-05-20,14:34:05,Tuesday,True
2505,Red Line,CM,Approaching,38.92906188964844,-9.243919372558594,7.777777777777778,080274,Malveira e São Miguel de Alcainça,2025-05-20,14:34:05,Tuesday,True
1518,Red Line,CM,In Transit,38.76132583618164,-9.267671585083008,1.3888888888888888,172187,Massamá e Monte Abraão,2025-05-20,14:33:34,Tuesday,True
2744,Yellow Line,CM,Approaching,38.931949615478516,-9.234705924987793,8.61111111111111,080402,Venda do Pinheiro e Santo Estêvão das Galés,2025-05-20,14:34:10,Tuesday,True
1204,Blue Line,CM,Stationed,38.78512191772461,-9.322355270385742,0.0,170169,Rinchoa,2025-05-20,14:34:05,Tuesday,True
3211,Red Line,CM,In Transit,38.472015380859375,-9.093413352966309,0.0,150264,Sesimbra,2025-05-20,14:33:35,Tuesday,True
1604,Red Line,CM,In Transit,38.6871223449707,-9.315567970275879,4.722222222222222,121270,Santo Amaro de Oeiras,2025-05-20,14:34:00,Tuesday,True
1625,Red Line,CM,In Transit,38.78572463989258,-9.330117225646973,7.777777777777778,170062,Serra das Minas,2025-05-20,14:34:01,Tuesday,True
3043,Blue Line,CM,In Transit,38.64259719848633,-9.19579029083252,8.055555555555555,020322,Quinta da Morgadinha,2025-05-20,14:33:58,Tuesday,True
3105,Red Line,CM,In Transit,38.56821060180664,-9.08786392211914,6.666666666666666,140401,Fernão Ferro,2025-05-20,14:34:15,Tuesday,True
3105,Red Line,CM,Stationed,38.60672378540039,-9.094710350036621,0.0,140437,Quinta do Teixeira,2025-05-20,14:34:12,Tuesday,True
2532,Red Line,CM,In Transit,38.87828063964844,-9.066839218139648,4.166666666666667,180492,Quinta da Maranhota,2025-05-20,14:34:09,Tuesday,True
2722,Red Line,CM,In Transit,38.8249397277832,-9.103596687316895,6.944444444444445,071225,Vale de Figueira,2025-05-20,14:33:36,Tuesday,True
2711,Red Line,CM,In Transit,38.76956558227539,-9.104649543762207,10.277777777777777,060322,Parque das Nações,2025-05-20,14:33:50,Tuesday,True
2790,Red Line,CM,Stationed,38.8232421875,-9.088351249694824,0.0,071633,"Santa Iria de Azoia, São João da Talha e Bobadela",2025-05-20,14:33:59,Tuesday,True
2754,Red Line,CM,In Transit,38.831993103027344,-9.1713285446167,4.444444444444445,070029,Urbanização das Sapateiras,2025-05-20,14:34:14,Tuesday,True
2317,Red Line,CM,In Transit,38.876800537109375,-9.092385292053223,5.0,180460,Casalinho,2025-05-20,14:34:04,Tuesday,True
2751,Red Line,CM,Stationed,38.827945709228516,-9.164299964904785,0.0,070035,Bairro Almoínhas,2025-05-20,14:33:43,Tuesday,True
1125,Red Line,CM,Approaching,38.71736526489258,-9.310125350952148,10.277777777777777,120933,Moinho das Rolas,2025-05-20,14:34:15,Tuesday,True
4705,Yellow Line,CM,In Transit,38.73214340209961,-9.00068473815918,27.22222222222222,060005,Alcochete,2025-05-20,14:34:13,Tuesday,True
2736,Red Line,CM,In Transit,38.7833366394043,-9.14246940612793,10.555555555555555,060236,Charneca,2025-05-20,14:33:55,Tuesday,True
4720,Yellow Line,CM,In Transit,38.67430877685547,-8.894169807434082,28.055555555555554,160027,Pinhal Novo,2025-05-20,14:34:13,Tuesday,True
1503,Red Line,CM,Stationed,38.72235870361328,-9.224629402160645,0.0,120015,Bairro da Portela,2025-05-20,14:34:14,Tuesday,True
3114,Red Line,CM,In Transit,38.615360260009766,-9.10400676727295,7.5,140046,Arrentela,2025-05-20,14:34:05,Tuesday,True
2776,Red Line,CM,Approaching,38.800392150878906,-9.159375190734863,4.722222222222222,110619,Póvoa de Santo Adrião e Olival Basto,2025-05-20,14:34:15,Tuesday,True
4422,Red Line,CM,In Transit,38.542301177978516,-8.884416580200195,5.555555555555555,160419,Bairro Camolas,2025-05-20,14:34:12,Tuesday,True
1627,Red Line,CM,In Transit,38.793460845947266,-9.335256576538086,5.0,170093,Tapada das Mercês,2025-05-20,14:34:08,Tuesday,True
4620,Red Line,CM,In Transit,38.65768814086914,-8.992098808288574,10.833333333333334,090061,Moita,2025-05-20,14:34:12,Tuesday,True
3601,Red Line,CM,Approaching,38.66917419433594,-9.162388801574707,3.0555555555555554,020286,Cova da Piedade,2025-05-20,14:34:11,Tuesday,True
1229,Blue Line,CM,Approaching,38.76360321044922,-9.27778434753418,8.333333333333334,170991,Bairro da Xetaria,2025-05-20,14:34:13,Tuesday,True
3710,Red Line,CM,Stationed,38.743186950683594,-9.133658409118652,0.0,061215,Areeiro,2025-05-20,14:33:46,Tuesday,True
3101,Blue Line,CM,In Transit,38.623661041259766,-9.125117301940918,2.2222222222222223,141569,Cruz de Pau,2025-05-20,14:33:45,Tuesday,True
3513,Red Line,CM,In Transit,38.629581451416016,-9.151597023010254,6.111111111111111,140641,Corroios,2025-05-20,14:34:08,Tuesday,True
1123,Red Line,CM,Stationed,38.701717376708984,-9.294068336486816,0.0,120608,Bairro do Bugio,2025-05-20,14:34:16,Tuesday,True
1720,Red Line,CM,In Transit,38.76446533203125,-9.256876945495605,5.277777777777778,171093,Pendão,2025-05-20,14:34:01,Tuesday,True
3112,Blue Line,CM,In Transit,38.6363639831543,-9.094635009765625,13.055555555555555,140254,Arrentela,2025-05-20,14:34:10,Tuesday,True
2004,Blue Line,CM,In Transit,38.82600021362305,-9.162423133850098,8.333333333333334,070035,Bairro Almoínhas,2025-05-20,14:33:58,Tuesday,True
3605,Red Line,CM,Stationed,38.67681884765625,-9.151514053344727,0.0,020496,Cova da Piedade,2025-05-20,14:34:11,Tuesday,True
1226,Blue Line,CM,Stationed,38.75946044921875,-9.257268905639648,0.0,172536,Vale de Carenque,2025-05-20,14:34:15,Tuesday,True
2776,Red Line,CM,Approaching,38.833309173583984,-9.184365272521973,10.555555555555555,070024,Bairro de Santa Maria,2025-05-20,14:34:10,Tuesday,True
1625,Red Line,CM,Stationed,38.78501510620117,-9.343852043151855,2.2222222222222223,171137,São Carlos,2025-05-20,14:34:13,Tuesday,True
1223,Red Line,CM,In Transit,38.792362213134766,-9.350974082946777,8.88888888888889,170797,Urbanização do Pinhal,2025-05-20,14:33:59,Tuesday,True
1122,Red Line,CM,Stationed,38.71112060546875,-9.271220207214355,0.0,120599,Bairro São João de Deus,2025-05-20,14:34:06,Tuesday,True
1607,Red Line,CM,Approaching,38.69975280761719,-9.336617469787598,0.0,050055,São Miguel das Encostas,2025-05-20,14:33:51,Tuesday,True
1012,Blue Line,CM,Stationed,38.76824188232422,-9.223093032836914,0.2777777777777778,030363,Encosta do Sol,2025-05-20,14:34:14,Tuesday,True
4312,Red Line,CM,In Transit,38.64033126831055,-8.736804962158203,13.61111111111111,130280,Poceirão e Marateca,2025-05-20,14:34:13,Tuesday,True
4308,Red Line,CM,In Transit,38.62367630004883,-8.918682098388672,6.388888888888888,130742,Pinhal Novo,2025-05-20,14:34:13,Tuesday,True
1610,Red Line,CM,In Transit,38.733951568603516,-9.306873321533203,9.722222222222221,121176,Porto Salvo,2025-05-20,14:33:48,Tuesday,True
4710,Yellow Line,CM,In Transit,38.61329650878906,-8.911373138427734,15.0,130209,Cascalheira,2025-05-20,14:34:15,Tuesday,True
3210,Red Line,CM,Approaching,38.508670806884766,-9.167190551757812,10.833333333333334,150309,Sesimbra,2025-05-20,14:33:58,Tuesday,True
4512,Red Line,CM,In Transit,38.69935989379883,-8.956952095031738,0.0,100173,Afonsoeiro,2025-05-20,14:34:13,Tuesday,True
3009,Red Line,CM,In Transit,38.66539764404297,-9.195595741271973,10.277777777777777,020309,Fomega,2025-05-20,14:34:00,Tuesday,True
4600,Red Line,CM,In Transit,38.65570068359375,-8.991385459899902,7.222222222222222,090060,Moita,2025-05-20,14:34:14,Tuesday,True
3547,Red Line,CM,In Transit,38.55757522583008,-9.086967468261719,10.277777777777777,140479,Fernão Ferro,2025-05-20,14:34:15,Tuesday,True
1638,Red Line,CM,Approaching,38.71792221069336,-9.341935157775879,5.555555555555555,050464,Matos Cheirinhos,2025-05-20,14:34:07,Tuesday,True
4544,Red Line,CM,Approaching,38.56011962890625,-8.788678169250488,21.38888888888889,130325,Gâmbia-Pontes-Alto da Guerra,2025-05-20,14:34:17,Tuesday,True
3012,Red Line,CM,In Transit,38.64774703979492,-9.202107429504395,6.666666666666666,020355,Caparica e Trafaria,2025-05-20,14:34:13,Tuesday,True
1715,Red Line,CM,Approaching,38.775821685791016,-9.296563148498535,3.611111111111111,170631,Agualva,2025-05-20,14:34:07,Tuesday,True
2794,Red Line,CM,Stationed,38.869956970214844,-9.061546325683594,3.333333333333333,180534,Forte da Casa,2025-05-20,14:34:12,Tuesday,True
2706,Red Line,CM,Stationed,38.833587646484375,-9.155733108520508,0.0,070385,Infantado,2025-05-20,14:34:07,Tuesday,True
2601,Red Line,CM,In Transit,38.78359603881836,-9.207042694091797,9.444444444444445,110685,Bairro dos Quatro,2025-05-20,14:34:06,Tuesday,True
2106,Red Line,CM,In Transit,38.916690826416016,-9.235488891601562,4.444444444444445,080262,Venda do Pinheiro e Santo Estêvão das Galés,2025-05-20,14:34:12,Tuesday,True
1527,Red Line,CM,Approaching,38.71554946899414,-9.26320743560791,5.555555555555555,120315,Calçada do Moinho,2025-05-20,14:34:09,Tuesday,True
1624,Red Line,CM,Approaching,38.798683166503906,-9.4669189453125,11.944444444444445,171333,Enxidra,2025-05-20,14:34:06,Tuesday,True
2524,Red Line,CM,Stationed,38.79844284057617,-9.178201675415039,0.2777777777777778,110384,Quinta Nova,2025-05-20,14:34:15,Tuesday,True
1711,Red Line,CM,Approaching,38.78318786621094,-9.217552185058594,3.888888888888889,110029,Encosta do Sol,2025-05-20,14:34:15,Tuesday,True
2790,Red Line,CM,Approaching,38.83131408691406,-9.086323738098145,13.055555555555555,071632,Urbanização Alto da Eira,2025-05-20,14:34:15,Tuesday,True
2215,Red Line,CM,Stationed,38.79450988769531,-9.179594039916992,0.0,110127,Amorosa,2025-05-20,14:34:13,Tuesday,True
1614,Red Line,CM,Stationed,38.70282745361328,-9.340800285339355,0.0,050163,Núcleo Urbano Histórico de São Domingos de Rana,2025-05-20,14:34:14,Tuesday,True
2016,Blue Line,CM,Approaching,38.84405517578125,-9.199406623840332,0.0,070350,Quinta das Oliveiras,2025-05-20,14:33:59,Tuesday,True
2136,Red Line,CM,In Transit,38.94427490234375,-9.249846458435059,8.333333333333334,080928,Venda do Pinheiro e Santo Estêvão das Galés,2025-05-20,14:33:55,Tuesday,True
1725,Red Line,CM,In Transit,38.692161560058594,-9.313922882080078,5.833333333333333,120733,Núcleo Urbano Histórico de Oeiras,2025-05-20,14:33:23,Tuesday,True
1624,Red Line,CM,In Transit,38.75514602661133,-9.456863403320312,13.88888888888889,050293,Almuinhas Velhas,2025-05-20,14:33:32,Tuesday,True
1103,Red Line,CM,In Transit,38.72181701660156,-9.250258445739746,8.88888888888889,120284,Núcleo Urbano Histórico de Linda-a-Pastora,2025-05-20,14:33:56,Tuesday,True
3026,Blue Line,CM,Stationed,38.67448425292969,-9.16258430480957,0.2777777777777778,020746,Pragal,2025-05-20,14:34:09,Tuesday,True
2774,Red Line,CM,In Transit,38.82261657714844,-9.14587688446045,1.6666666666666665,070493,Bairro Lameiras,2025-05-20,14:34:11,Tuesday,True
4562,Red Line,CM,In Transit,38.54328536987305,-8.984823226928711,17.77777777777778,160771,Pinheiros de Azeitão,2025-05-20,14:34:14,Tuesday,True
4512,Red Line,CM,In Transit,38.74561309814453,-8.96937370300293,10.277777777777777,010083,Cerrado da Praia,2025-05-20,14:34:15,Tuesday,True
3104,Red Line,CM,In Transit,38.62944030761719,-9.16407585144043,6.666666666666666,140370,Vale de Milhaços,2025-05-20,14:34:02,Tuesday,True
4420,Blue Line,CM,In Transit,38.52655792236328,-8.890522003173828,7.222222222222222,160139,Bairro Salgado,2025-05-20,14:34:15,Tuesday,True
2790,Red Line,CM,Stationed,38.89480972290039,-9.040172576904297,5.277777777777778,180721,Unknown,2025-05-20,14:33:56,Tuesday,True
4901,Red Line,CM,In Transit,38.56929016113281,-8.755451202392578,18.61111111111111,130639,Poceirão e Marateca,2025-05-20,14:34:16,Tuesday,True
2331,Blue Line,CM,Approaching,38.9720344543457,-8.983487129211426,5.833333333333333,180778,Povos,2025-05-20,14:34:16,Tuesday,True
1212,Red Line,CM,In Transit,38.77387619018555,-9.273795127868652,8.61111111111111,172606,Quinta da Portela,2025-05-20,14:34:07,Tuesday,True
1637,Red Line,CM,In Transit,38.82159423828125,-9.278823852539062,12.222222222222221,171593,Tapada da Serra,2025-05-20,14:33:57,Tuesday,True
1101,Red Line,CM,Approaching,38.72602462768555,-9.235698699951172,7.222222222222222,120107,Outurela,2025-05-20,14:34:11,Tuesday,True
1507,Red Line,CM,In Transit,38.71717834472656,-9.263406753540039,4.444444444444445,121075,Bairro da CHEUNI,2025-05-20,14:33:43,Tuesday,True
1234,Red Line,CM,In Transit,38.77162551879883,-9.348570823669434,0.0,170145,"Sintra (Santa Maria e São Miguel, São Martinho e São Pedro de Penaferrim)",2025-05-20,14:34:00,Tuesday,True
1522,Red Line,CM,Stationed,38.712345123291016,-9.23359489440918,4.166666666666667,120353,Pedreira dos Húngaros,2025-05-20,14:34:15,Tuesday,True
1208,Red Line,CM,Stationed,38.80620193481445,-9.354296684265137,0.0,170303,Casal da Cavaleira,2025-05-20,14:33:52,Tuesday,True
3040,Red Line,CM,Stationed,38.65170669555664,-9.160527229309082,0.0,020512,Alembrança,2025-05-20,14:33:33,Tuesday,True
1003,Red Line,CM,Approaching,38.76351547241211,-9.237561225891113,4.166666666666667,030171,Mina,2025-05-20,14:33:59,Tuesday,True
1601,Red Line,CM,In Transit,38.732662200927734,-9.28088092803955,5.833333333333333,121283,Núcleo Urbano Histórico de Barcarena,2025-05-20,14:34:13,Tuesday,True
1232,Red Line,CM,In Transit,38.79127502441406,-9.345819473266602,6.111111111111111,170104,São Carlos,2025-05-20,14:34:11,Tuesday,True
3023,Red Line,CM,Stationed,38.65104293823242,-9.148181915283203,0.0,020699,Santo Amaro,2025-05-20,14:33:49,Tuesday,True
3605,Red Line,CM,In Transit,38.61830139160156,-9.113612174987793,5.833333333333333,140110,Paivas,2025-05-20,14:33:52,Tuesday,True
3023,Red Line,CM,Stationed,38.64599609375,-9.233470916748047,6.944444444444445,020637,Boca do Grilo,2025-05-20,14:34:00,Tuesday,True
3508,Red Line,CM,Stationed,38.626487731933594,-9.083788871765137,5.555555555555555,140261,Arrentela,2025-05-20,14:33:56,Tuesday,True
1101,Red Line,CM,In Transit,38.72066879272461,-9.233978271484375,1.9444444444444444,120033,Nova Carnaxide,2025-05-20,14:33:08,Tuesday,True
1236,Red Line,CM,Stationed,38.75153732299805,-9.276564598083496,0.2777777777777778,172553,Moinho Encarnado,2025-05-20,14:34:15,Tuesday,True
2823,Red Line,CM,In Transit,38.76472854614258,-9.199430465698242,2.7777777777777777,060372,Pontinha e Famões,2025-05-20,14:33:58,Tuesday,True
4725,Yellow Line,CM,In Transit,38.74228286743164,-9.16484546661377,10.277777777777777,060017,Avenidas Novas,2025-05-20,14:34:15,Tuesday,True
4432,Red Line,CM,In Transit,38.52561569213867,-8.886926651000977,8.61111111111111,160141,Bairro Salgado,2025-05-20,14:34:16,Tuesday,True
4441,Red Line,CM,In Transit,38.533199310302734,-8.868294715881348,9.444444444444445,160405,São Sebastião,2025-05-20,14:34:17,Tuesday,True
4441,Red Line,CM,In Transit,38.52525329589844,-8.893975257873535,0.0,160961,Centro Histórico,2025-05-20,14:34:16,Tuesday,True
1704,Red Line,CM,In Transit,38.74633026123047,-9.215078353881836,9.444444444444445,030040,Damaia,2025-05-20,14:33:53,Tuesday,True
4562,Red Line,CM,In Transit,38.57026672363281,-8.90510368347168,0.0,130028,Serrinha,2025-05-20,14:34:15,Tuesday,True
2727,Red Line,CM,Stationed,38.81775665283203,-9.121925354003906,0.0,070091,Bairro Quinta do Miradouro,2025-05-20,14:34:01,Tuesday,True
2708,Red Line,CM,In Transit,38.79798889160156,-9.106961250305176,10.277777777777777,070121,Terraços da Ponte,2025-05-20,14:34:16,Tuesday,True
3113,Blue Line,CM,Stationed,38.61621856689453,-9.103256225585938,0.0,140046,Arrentela,2025-05-20,14:34:11,Tuesday,True
2728,Red Line,CM,Stationed,38.813480377197266,-9.100364685058594,0.0,070748,"Santa Iria de Azoia, São João da Talha e Bobadela",2025-05-20,14:34:02,Tuesday,True
1709,Red Line,CM,Approaching,38.79159164428711,-9.227773666381836,0.0,030711,Urbanização Moinho do Guizo,2025-05-20,14:34:16,Tuesday,True
1703,Red Line,CM,In Transit,38.76289749145508,-9.238680839538574,2.2222222222222223,030119,Mina,2025-05-20,14:33:55,Tuesday,True
3523,Red Line,CM,In Transit,38.616943359375,-9.111218452453613,6.111111111111111,140295,Quinta da Mimosa,2025-05-20,14:33:46,Tuesday,True
1229,Blue Line,CM,In Transit,38.75318145751953,-9.283768653869629,6.666666666666666,171019,Alto de Tercena,2025-05-20,14:33:39,Tuesday,True
3701,Red Line,CM,In Transit,38.69875717163086,-9.226716995239258,0.0,060384,São Francisco Xavier,2025-05-20,14:33:45,Tuesday,True
1724,Red Line,CM,Approaching,38.7256965637207,-9.15250301361084,0.0,060462,São Sebastião da Pedreira,2025-05-20,14:34:05,Tuesday,True
1721,Red Line,CM,Stationed,38.7535285949707,-9.286625862121582,0.0,170910,Alto de Tercena,2025-05-20,14:34:07,Tuesday,True
1247,Red Line,CM,In Transit,38.843589782714844,-9.459482192993164,13.61111111111111,171445,Colares,2025-05-20,14:34:14,Tuesday,True
3506,Red Line,CM,In Transit,38.684200286865234,-9.149802207946777,8.61111111111111,020035,Cacilhas,2025-05-20,14:34:02,Tuesday,True
1120,Blue Line,CM,Stationed,38.6975212097168,-9.305215835571289,0.2777777777777778,120750,Espargal,2025-05-20,14:34:03,Tuesday,True
3008,Red Line,CM,Stationed,38.61536407470703,-9.191041946411133,0.0,020884,Quinta da Primavera,2025-05-20,14:33:41,Tuesday,True
3525,Red Line,CM,In Transit,38.67191696166992,-9.175395965576172,7.222222222222222,020289,Pragal,2025-05-20,14:33:51,Tuesday,True
1251,Red Line,CM,Approaching,38.794132232666016,-9.343942642211914,6.388888888888888,170101,Urbanização do Pinhal,2025-05-20,14:34:00,Tuesday,True
4730,Red Line,CM,In Transit,38.741249084472656,-9.16794204711914,0.0,060458,Unknown,2025-05-20,14:34:02,Tuesday,True
2729,Red Line,CM,Approaching,38.806373596191406,-9.101380348205566,6.944444444444445,071293,"Santa Iria de Azoia, São João da Talha e Bobadela",2025-05-20,14:34:11,Tuesday,True
4531,Red Line,CM,In Transit,38.656333923339844,-8.991178512573242,3.0555555555555554,090165,Moita,2025-05-20,14:34:17,Tuesday,True
4720,Yellow Line,CM,In Transit,38.59754180908203,-8.865619659423828,25.833333333333332,060005,Palmela,2025-05-20,14:34:17,Tuesday,True
2794,Red Line,CM,Stationed,38.860782623291016,-9.07576847076416,10.833333333333334,180701,Unknown,2025-05-20,14:34:01,Tuesday,True
1210,Blue Line,CM,In Transit,38.79539489746094,-9.331436157226562,4.444444444444445,170265,Tapada das Mercês,2025-05-20,14:34:13,Tuesday,True
2601,Red Line,CM,Stationed,38.82582473754883,-9.16225528717041,0.0,070283,Bairro Almoínhas,2025-05-20,14:34:04,Tuesday,True
4001,Blue Line,CM,Approaching,38.745201110839844,-8.947653770446777,8.055555555555555,010036,Quebradas,2025-05-20,14:34:15,Tuesday,True
3717,Red Line,CM,Stationed,38.648902893066406,-9.146615028381348,0.0,140715,Miratejo,2025-05-20,14:33:49,Tuesday,True
3506,Red Line,CM,Stationed,38.654151916503906,-9.154495239257812,0.0,020865,Santo António do Laranjeiro,2025-05-20,14:33:45,Tuesday,True
1713,Red Line,CM,In Transit,38.74736022949219,-9.219552040100098,5.833333333333333,030743,Damaia,2025-05-20,14:34:09,Tuesday,True
1614,Red Line,CM,Approaching,38.725982666015625,-9.33387565612793,7.5,050127,Abóboda,2025-05-20,14:33:10,Tuesday,True
3030,Red Line,CM,Approaching,38.60953903198242,-9.206345558166504,7.777777777777778,020807,Unknown,2025-05-20,14:34:05,Tuesday,True
2831,Red Line,CM,Approaching,38.781227111816406,-9.207716941833496,8.333333333333334,110685,Bairro dos Quatro,2025-05-20,14:34:09,Tuesday,True
2222,Blue Line,CM,Stationed,38.80497360229492,-9.184255599975586,0.0,110360,Pedernais,2025-05-20,14:34:06,Tuesday,True
4710,Yellow Line,CM,In Transit,38.76777267456055,-9.100458145141602,0.0,060009,Parque das Nações,2025-05-20,14:34:17,Tuesday,True
4725,Yellow Line,CM,In Transit,38.65557098388672,-9.169443130493164,27.5,020003,Quinta do Gato Bravo,2025-05-20,14:34:03,Tuesday,True
4701,Yellow Line,CM,In Transit,38.65269470214844,-9.02782154083252,0.0,090011,Bairro Gouveia,2025-05-20,14:34:17,Tuesday,True
1631,Red Line,CM,In Transit,38.757598876953125,-9.357685089111328,7.777777777777778,172230,Aldeia de Santa Isabel,2025-05-20,14:34:00,Tuesday,True
4604,Red Line,CM,In Transit,38.659507751464844,-8.989404678344727,13.333333333333332,090061,Bairro da Remoa,2025-05-20,14:34:02,Tuesday,True
4412,Red Line,CM,Approaching,38.525550842285156,-8.866671562194824,4.166666666666667,160179,São Sebastião,2025-05-20,14:34:16,Tuesday,True
4438,Red Line,CM,In Transit,38.53324890136719,-8.866905212402344,0.8333333333333333,160184,São Sebastião,2025-05-20,14:34:17,Tuesday,True
1517,Red Line,CM,In Transit,38.7583122253418,-9.227774620056152,4.444444444444445,030163,Falagueira-Venda Nova,2025-05-20,14:33:09,Tuesday,True
1726,Red Line,CM,Approaching,38.7274055480957,-9.23963737487793,6.388888888888888,120101,Bairro do Aqueduto,2025-05-20,14:34:12,Tuesday,True
3001,Blue Line,CM,Stationed,38.681129455566406,-9.154107093811035,0.0,020199,Cacilhas,2025-05-20,14:34:14,Tuesday,True
1514,Red Line,CM,Approaching,38.75871658325195,-9.243864059448242,8.88888888888889,030620,Venteira,2025-05-20,14:34:14,Tuesday,True
3011,Red Line,CM,Stationed,38.65325164794922,-9.237824440002441,0.0,020469,Santo António da Caparica,2025-05-20,14:34:00,Tuesday,True
1722,Red Line,CM,Stationed,38.70538330078125,-9.240294456481934,0.0,120069,Junça,2025-05-20,14:34:03,Tuesday,True
2318,Blue Line,CM,In Transit,38.862754821777344,-9.05871295928955,0.0,180529,Forte da Casa,2025-05-20,14:34:09,Tuesday,True
2727,Red Line,CM,In Transit,38.81868362426758,-9.155003547668457,15.277777777777777,070485,Urbanização do Almirante,2025-05-20,14:33:52,Tuesday,True
4434,Blue Line,CM,In Transit,38.519718170166016,-8.877643585205078,5.277777777777778,160168,São Sebastião,2025-05-20,14:34:05,Tuesday,True
4514,Red Line,CM,In Transit,38.69961166381836,-8.963508605957031,6.666666666666666,100033,Pocinho,2025-05-20,14:34:17,Tuesday,True
4322,Red Line,CM,In Transit,38.634765625,-8.88661003112793,13.333333333333332,130428,Pinhal Novo,2025-05-20,14:34:17,Tuesday,True
4422,Red Line,CM,In Transit,38.54173278808594,-8.8849515914917,2.5,160455,Bairro Camolas,2025-05-20,14:34:17,Tuesday,True
4600,Red Line,CM,In Transit,38.75326919555664,-8.956687927246094,6.388888888888888,010079,Várzea,2025-05-20,14:34:12,Tuesday,True
4512,Red Line,CM,In Transit,38.52874755859375,-8.8862886428833,2.5,162008,Bairro Salgado,2025-05-20,14:34:05,Tuesday,True
2630,Blue Line,CM,Approaching,38.806819915771484,-9.227666854858398,0.0,110755,Bairro dos CTT,2025-05-20,14:34:09,Tuesday,True
2796,Red Line,CM,In Transit,38.87824249267578,-9.066922187805176,6.666666666666666,180733,Quinta da Maranhota,2025-05-20,14:34:11,Tuesday,True
2750,Red Line,CM,In Transit,38.802650451660156,-9.157837867736816,0.0,071137,Póvoa de Santo Adrião e Olival Basto,2025-05-20,14:33:53,Tuesday,True
2728,Red Line,CM,In Transit,38.825439453125,-9.094493865966797,10.0,070765,Vale de Figueira,2025-05-20,14:34:14,Tuesday,True
2518,Red Line,CM,In Transit,38.80693817138672,-9.157424926757812,9.722222222222221,071131,Bairro do Casalinho da Fonte,2025-05-20,14:33:53,Tuesday,True
3535,Red Line,CM,Stationed,38.59280014038086,-9.0934419631958,0.0,140419,Pinhal de Frades,2025-05-20,14:34:08,Tuesday,True
2713,Red Line,CM,In Transit,38.756370544433594,-9.14717960357666,10.277777777777777,060283,Campo Grande,2025-05-20,14:33:57,Tuesday,True
1519,Red Line,CM,In Transit,38.755332946777344,-9.25495719909668,6.944444444444445,170927,Vale de Carenque,2025-05-20,14:33:56,Tuesday,True
1716,Red Line,CM,Stationed,38.77539825439453,-9.271017074584961,0.0,170539,Quinta da Portela,2025-05-20,14:34:01,Tuesday,True
4403,Blue Line,CM,In Transit,38.53266906738281,-8.891023635864258,11.11111111111111,160090,Bonfim,2025-05-20,14:34:05,Tuesday,True
2530,Red Line,CM,Approaching,38.896568298339844,-9.041097640991211,6.666666666666666,180051,Unknown,2025-05-20,14:34:09,Tuesday,True
3642,Red Line,CM,In Transit,38.53136444091797,-8.917889595031738,18.61111111111111,160541,Bairro dos Pescadores,2025-05-20,14:33:57,Tuesday,True
1623,Red Line,CM,In Transit,38.77245330810547,-9.380220413208008,10.277777777777777,172296,"Sintra (Santa Maria e São Miguel, São Martinho e São Pedro de Penaferrim)",2025-05-20,14:34:13,Tuesday,True
1226,Blue Line,CM,In Transit,38.75078201293945,-9.271393775939941,9.166666666666666,170865,Moinho Encarnado,2025-05-20,14:34:11,Tuesday,True
3026,Blue Line,CM,Stationed,38.67219924926758,-9.156319618225098,0.0,020058,Cova da Piedade,2025-05-20,14:34:01,Tuesday,True
1115,Red Line,CM,Approaching,38.71034240722656,-9.285945892333984,9.444444444444445,120641,Alto da Terrugem,2025-05-20,14:34:15,Tuesday,True
3103,Red Line,CM,Stationed,38.616703033447266,-9.110928535461426,0.0,140129,Fogueteiro,2025-05-20,14:34:07,Tuesday,True
3521,Red Line,CM,Stationed,38.623626708984375,-9.124921798706055,6.944444444444445,140211,Cruz de Pau,2025-05-20,14:34:09,Tuesday,True
3017,Red Line,CM,Approaching,38.60163116455078,-9.186796188354492,9.722222222222221,020180,Pinheirinho,2025-05-20,14:33:35,Tuesday,True
3536,Red Line,CM,In Transit,38.589473724365234,-9.105259895324707,0.0,140829,Unknown,2025-05-20,14:33:57,Tuesday,True
3022,Red Line,CM,In Transit,38.64160919189453,-9.231610298156738,2.2222222222222223,020639,Boca do Grilo,2025-05-20,14:33:48,Tuesday,True
3034,Red Line,CM,Approaching,38.62394332885742,-9.203598022460938,0.0,020835,Cassapo,2025-05-20,14:33:54,Tuesday,True
3515,Red Line,CM,In Transit,38.646392822265625,-9.175485610961914,6.666666666666666,020613,Bairro de São João,2025-05-20,14:33:53,Tuesday,True
3717,Red Line,CM,Approaching,38.645320892333984,-9.14685344696045,5.277777777777778,140755,Quinta do Brasileiro,2025-05-20,14:34:15,Tuesday,True
3705,Red Line,CM,In Transit,38.70650863647461,-9.178674697875977,15.0,020001,Santo Amaro,2025-05-20,14:33:51,Tuesday,True
3703,Red Line,CM,Approaching,38.677486419677734,-9.162283897399902,8.055555555555555,020061,Pragal,2025-05-20,14:34:13,Tuesday,True
3007,Red Line,CM,In Transit,38.67076873779297,-9.165488243103027,5.833333333333333,021063,Pragal,2025-05-20,14:33:51,Tuesday,True
3022,Red Line,CM,In Transit,38.65214920043945,-9.22659969329834,0.0,020435,Aldeia dos Capuchos,2025-05-20,14:33:58,Tuesday,True
3513,Red Line,CM,In Transit,38.642601013183594,-9.157623291015625,6.111111111111111,140690,Quinta de São Nicolau,2025-05-20,14:33:52,Tuesday,True
3116,Red Line,CM,Stationed,38.60987854003906,-9.159589767456055,0.0,140879,Valadares,2025-05-20,14:33:53,Tuesday,True
3524,Red Line,CM,In Transit,38.59873962402344,-9.17886734008789,5.555555555555555,020914,Vale Bem,2025-05-20,14:34:01,Tuesday,True
3710,Red Line,CM,Approaching,38.73267364501953,-9.164555549621582,10.0,060401,Campolide,2025-05-20,14:34:09,Tuesday,True
3112,Blue Line,CM,Approaching,38.609134674072266,-9.094096183776855,3.611111111111111,140037,Quinta do Teixeira,2025-05-20,14:34:06,Tuesday,True
3521,Red Line,CM,Approaching,38.586097717285156,-9.1510009765625,10.277777777777777,140180,Verdizela,2025-05-20,14:34:03,Tuesday,True
3042,Blue Line,CM,In Transit,38.605430603027344,-9.186100959777832,5.0,020345,Pinheirinho,2025-05-20,14:33:42,Tuesday,True
3221,Red Line,CM,Approaching,38.48827362060547,-9.096999168395996,0.0,150241,Venda Nova,2025-05-20,14:33:35,Tuesday,True
3004,Red Line,CM,Approaching,38.60422897338867,-9.186766624450684,7.5,020175,Poço Novo,2025-05-20,14:34:11,Tuesday,True
3042,Blue Line,CM,Approaching,38.605960845947266,-9.18149471282959,8.88888888888889,020888,Quintinhas,2025-05-20,14:34:11,Tuesday,True
3012,Red Line,CM,Stationed,38.654136657714844,-9.201302528381348,13.055555555555555,020317,Caparica e Trafaria,2025-05-20,14:33:40,Tuesday,True
3721,Yellow Line,CM,In Transit,38.60358428955078,-9.105022430419922,0.0,020003,"Seixal, Arrentela e Aldeia de Paio Pires",2025-05-20,14:33:58,Tuesday,True
3038,Blue Line,CM,Approaching,38.66672897338867,-9.194639205932617,9.166666666666666,020305,Fomega,2025-05-20,14:33:57,Tuesday,True
3105,Red Line,CM,Stationed,38.56317138671875,-9.089632987976074,0.0,140449,Fernão Ferro,2025-05-20,14:34:08,Tuesday,True
3111,Red Line,CM,Stationed,38.626827239990234,-9.084373474121094,0.0,140261,Arrentela,2025-05-20,14:34:11,Tuesday,True
3504,Red Line,CM,Approaching,38.61111831665039,-9.184391975402832,9.166666666666666,020346,Quintinha de Fora,2025-05-20,14:34:09,Tuesday,True
3019,Red Line,CM,In Transit,38.62334060668945,-9.19924259185791,7.5,020166,Casal,2025-05-20,14:33:48,Tuesday,True
3101,Blue Line,CM,In Transit,38.623714447021484,-9.126642227172852,2.7777777777777777,140165,Cruz de Pau,2025-05-20,14:33:49,Tuesday,True
3601,Red Line,CM,Approaching,38.60918045043945,-9.094101905822754,3.333333333333333,140037,Quinta do Teixeira,2025-05-20,14:34:14,Tuesday,True
3021,Red Line,CM,In Transit,38.64535903930664,-9.236156463623047,7.222222222222222,029005,Santo António da Caparica,2025-05-20,14:34:08,Tuesday,True
3704,Red Line,CM,In Transit,38.659542083740234,-9.173297882080078,10.833333333333334,020121,Quinta de Santa Ana,2025-05-20,14:33:29,Tuesday,True
3116,Red Line,CM,In Transit,38.613525390625,-9.17131233215332,10.277777777777777,140627,Quinta da Queimada,2025-05-20,14:34:08,Tuesday,True
3536,Red Line,CM,In Transit,38.45344543457031,-9.101754188537598,0.0,150062,Sesimbra,2025-05-20,14:34:04,Tuesday,True
3605,Red Line,CM,Approaching,38.5239143371582,-8.997217178344727,13.88888888888889,160564,Castanhos,2025-05-20,14:34:10,Tuesday,True
3107,Blue Line,CM,Stationed,38.57185745239258,-9.088367462158203,0.0,140487,Fernão Ferro,2025-05-20,14:34:10,Tuesday,True
3001,Blue Line,CM,In Transit,38.6818962097168,-9.159192085266113,7.777777777777778,020028,Almada Velha,2025-05-20,14:33:47,Tuesday,True
3512,Red Line,CM,In Transit,38.632564544677734,-9.1400785446167,8.055555555555555,140135,Quinta das Lagoas,2025-05-20,14:33:56,Tuesday,True
3705,Red Line,CM,In Transit,38.70221710205078,-9.179670333862305,15.277777777777777,060021,Unknown,2025-05-20,14:33:59,Tuesday,True
3711,Red Line,CM,In Transit,38.71958541870117,-9.175020217895508,7.777777777777778,060399,Santa Isabel,2025-05-20,14:33:53,Tuesday,True
3715,Red Line,CM,Approaching,38.629798889160156,-9.150221824645996,5.277777777777778,140641,Santa Marta do Pinhal,2025-05-20,14:34:07,Tuesday,True
1615,Red Line,CM,Approaching,38.71918869018555,-9.339388847351074,9.722222222222221,050134,Matos Cheirinhos,2025-05-20,14:34:11,Tuesday,True
2725,Red Line,CM,In Transit,38.7977180480957,-9.104610443115234,14.444444444444445,070119,"Santa Iria de Azoia, São João da Talha e Bobadela",2025-05-20,14:33:58,Tuesday,True
2790,Red Line,CM,In Transit,38.76082992553711,-9.1299409866333,8.88888888888889,061221,Unknown,2025-05-20,14:33:43,Tuesday,True
2223,Red Line,CM,In Transit,38.786376953125,-9.183027267456055,5.277777777777778,110087,Bairro Doutor Lima Pimentel,2025-05-20,14:34:07,Tuesday,True
2731,Red Line,CM,In Transit,38.781124114990234,-9.111498832702637,5.833333333333333,070590,Jardins do Cristo Rei,2025-05-20,14:34:02,Tuesday,True
2213,Red Line,CM,Approaching,38.805049896240234,-9.219399452209473,6.944444444444445,110148,Bairro dos CTT,2025-05-20,14:34:04,Tuesday,True
1722,Red Line,CM,Approaching,38.704345703125,-9.241008758544922,8.61111111111111,120089,Alto de Santa Catarina,2025-05-20,14:34:10,Tuesday,True
1608,Red Line,CM,In Transit,38.70599365234375,-9.322117805480957,11.944444444444445,121299,Cabeço de Mouro,2025-05-20,14:34:11,Tuesday,True
2807,Yellow Line,CM,In Transit,38.79170227050781,-9.168978691101074,23.88888888888889,082308,Póvoa de Santo Adrião e Olival Basto,2025-05-20,14:33:43,Tuesday,True
2756,Red Line,CM,Approaching,38.83291244506836,-9.182624816894531,12.777777777777777,070023,Bairro de Santa Maria,2025-05-20,14:34:09,Tuesday,True
2740,Yellow Line,CM,In Transit,38.882545471191406,-9.197027206420898,28.055555555555554,060008,Unknown,2025-05-20,14:33:40,Tuesday,True
2801,Yellow Line,CM,Stationed,38.93843078613281,-9.231367111206055,28.333333333333332,080860,Venda do Pinheiro e Santo Estêvão das Galés,2025-05-20,14:33:46,Tuesday,True
2126,Blue Line,CM,Approaching,38.96523666381836,-9.414042472839355,7.5,080563,Ericeira,2025-05-20,14:34:06,Tuesday,True
3009,Red Line,CM,In Transit,38.67621994018555,-9.166009902954102,9.166666666666666,020083,Pragal,2025-05-20,14:33:55,Tuesday,True
2736,Red Line,CM,Approaching,38.79603958129883,-9.104645729064941,7.777777777777778,070517,Urbanização Real Forte,2025-05-20,14:34:14,Tuesday,True
1242,Red Line,CM,Approaching,38.839351654052734,-9.425676345825195,14.722222222222221,171416,São João das Lampas e Terrugem,2025-05-20,14:34:16,Tuesday,True
1709,Red Line,CM,In Transit,38.80751037597656,-9.227473258972168,8.61111111111111,172467,Bairro dos CTT,2025-05-20,14:33:19,Tuesday,True
1613,Red Line,CM,Stationed,38.73690414428711,-9.339183807373047,7.5,172237,Trajouce,2025-05-20,14:33:53,Tuesday,True
1240,Red Line,CM,In Transit,38.83076095581055,-9.357013702392578,10.277777777777777,171289,São João das Lampas e Terrugem,2025-05-20,14:33:56,Tuesday,True
1706,Red Line,CM,Stationed,38.76524353027344,-9.213061332702637,0.0,030737,Alfornelos,2025-05-20,14:34:00,Tuesday,True
1255,Red Line,CM,Approaching,38.86068344116211,-9.331507682800293,6.944444444444445,171268,Sintra,2025-05-20,14:33:58,Tuesday,True
1717,Red Line,CM,Stationed,38.75027084350586,-9.19594669342041,0.2777777777777778,060049,Benfica,2025-05-20,14:34:16,Tuesday,True
1715,Red Line,CM,Stationed,38.76382827758789,-9.2789306640625,3.888888888888889,170961,Bairro da Xetaria,2025-05-20,14:33:19,Tuesday,True
1101,Red Line,CM,Approaching,38.699703216552734,-9.227560043334961,1.3888888888888888,120081,Baixa de Algés,2025-05-20,14:33:30,Tuesday,True
1629,Red Line,CM,In Transit,38.74224090576172,-9.393274307250977,9.722222222222221,050181,Bairro da Cruz Vermelha,2025-05-20,14:33:49,Tuesday,True
1731,Red Line,CM,In Transit,38.72231674194336,-9.269901275634766,10.833333333333334,120553,Área Urbana de Génese Ilegal da Calçada do Moinho,2025-05-20,14:32:52,Tuesday,True
1518,Red Line,CM,Stationed,38.75202178955078,-9.224571228027344,0.0,030843,Falagueira-Venda Nova,2025-05-20,14:34:07,Tuesday,True
1711,Red Line,CM,In Transit,38.788116455078125,-9.22426986694336,5.833333333333333,030635,Urbanização Moinho do Guizo,2025-05-20,14:33:57,Tuesday,True
1235,Red Line,CM,In Transit,38.82666778564453,-9.278549194335938,0.0,170347,Sintra,2025-05-20,14:33:36,Tuesday,True
1709,Red Line,CM,In Transit,38.75893020629883,-9.192961692810059,0.0,060068,Carnide,2025-05-20,14:32:58,Tuesday,True
1608,Red Line,CM,In Transit,38.69554138183594,-9.328927040100098,0.0,120830,Nova Oeiras,2025-05-20,14:33:04,Tuesday,True
1715,Red Line,CM,Stationed,38.7628059387207,-9.278631210327148,7.5,170459,Bairro da Xetaria,2025-05-20,14:33:48,Tuesday,True
1604,Red Line,CM,Stationed,38.69605255126953,-9.306612014770508,0.2777777777777778,120771,Espargal,2025-05-20,14:33:54,Tuesday,True
1715,Red Line,CM,In Transit,38.697452545166016,-9.204445838928223,0.0,060099,Belém,2025-05-20,14:33:03,Tuesday,True
1712,Red Line,CM,Approaching,38.743812561035156,-9.2354154586792,8.055555555555555,030576,Venteira,2025-05-20,14:34:01,Tuesday,True
1716,Red Line,CM,Stationed,38.72511291503906,-9.155176162719727,0.0,060035,São Sebastião da Pedreira,2025-05-20,14:34:10,Tuesday,True
1633,Red Line,CM,Approaching,38.96778106689453,-9.405706405639648,7.777777777777778,082007,Fonte Boa dos Nabos,2025-05-20,14:33:05,Tuesday,True
1529,Red Line,CM,In Transit,38.746673583984375,-9.304353713989258,5.0,121039,Porto Salvo,2025-05-20,14:32:58,Tuesday,True
1706,Red Line,CM,Approaching,38.75315856933594,-9.19644832611084,4.722222222222222,060443,Benfica,2025-05-20,14:34:16,Tuesday,True
1714,Red Line,CM,Approaching,38.70897674560547,-9.21362590789795,6.388888888888888,060105,São Francisco Xavier,2025-05-20,14:34:02,Tuesday,True
1523,Red Line,CM,Stationed,38.76580810546875,-9.298556327819824,8.88888888888889,170493,Agualva,2025-05-20,14:32:54,Tuesday,True
1517,Red Line,CM,Approaching,38.80268096923828,-9.23690414428711,5.0,172171,Portela de Cambra,2025-05-20,14:34:02,Tuesday,True
1610,Red Line,CM,Stationed,38.72928237915039,-9.309906005859375,2.5,120919,Casal das Chocas,2025-05-20,14:34:12,Tuesday,True
1502,Red Line,CM,Approaching,38.75803756713867,-9.234421730041504,4.444444444444445,030845,Reboleira,2025-05-20,14:33:48,Tuesday,True
1249,Red Line,CM,Approaching,38.80253982543945,-9.376577377319336,0.0,170307,Portela de Sintra,2025-05-20,14:32:54,Tuesday,True
1706,Red Line,CM,Stationed,38.76808166503906,-9.21579647064209,2.7777777777777777,030701,Alfornelos,2025-05-20,14:34:07,Tuesday,True
1253,Red Line,CM,In Transit,38.79821014404297,-9.463088035583496,13.333333333333332,172525,Mucifal,2025-05-20,14:33:57,Tuesday,True
1622,Red Line,CM,In Transit,38.767887115478516,-9.298884391784668,3.333333333333333,170457,Agualva,2025-05-20,14:33:03,Tuesday,True
1240,Red Line,CM,Approaching,38.866703033447266,-9.3179931640625,8.333333333333334,171258,Lumarinho,2025-05-20,14:34:13,Tuesday,True
1603,Red Line,CM,In Transit,38.81353759765625,-9.25239372253418,11.11111111111111,171579,Sintra,2025-05-20,14:34:13,Tuesday,True
1216,Blue Line,CM,Approaching,38.750816345214844,-9.287038803100586,0.5555555555555556,170709,Alto de Tercena,2025-05-20,14:33:57,Tuesday,True
1524,Blue Line,CM,Approaching,38.751365661621094,-9.287643432617188,7.5,172531,Alto de Tercena,2025-05-20,14:33:16,Tuesday,True
1254,Red Line,CM,Approaching,38.8035774230957,-9.432445526123047,14.166666666666666,171355,"Sintra (Santa Maria e São Miguel, São Martinho e São Pedro de Penaferrim)",2025-05-20,14:34:09,Tuesday,True
1723,Red Line,CM,Stationed,38.72579574584961,-9.153040885925293,0.0,060031,São Sebastião da Pedreira,2025-05-20,14:32:49,Tuesday,True
1501,Blue Line,CM,In Transit,38.74217987060547,-9.230884552001953,11.11111111111111,033342,Alfragide,2025-05-20,14:33:47,Tuesday,True
1528,Red Line,CM,In Transit,38.73686218261719,-9.278839111328125,6.944444444444445,121135,Núcleo Urbano Histórico de Barcarena,2025-05-20,14:33:02,Tuesday,True
1241,Red Line,CM,In Transit,38.80255889892578,-9.381521224975586,3.888888888888889,171382,Estefânea,2025-05-20,14:34:00,Tuesday,True
1712,Red Line,CM,Approaching,38.75795364379883,-9.234373092651367,0.0,030821,Reboleira,2025-05-20,14:32:57,Tuesday,True
1638,Red Line,CM,In Transit,38.72087860107422,-9.350724220275879,10.833333333333334,050508,Bairro do Monte Real,2025-05-20,14:34:07,Tuesday,True
1622,Red Line,CM,Stationed,38.77378845214844,-9.327832221984863,3.888888888888889,050171,Rio de Mouro Velho,2025-05-20,14:32:52,Tuesday,True
1623,Red Line,CM,Approaching,38.79579544067383,-9.37598991394043,11.666666666666666,171882,Bairro da Fonte Longa,2025-05-20,14:34:10,Tuesday,True
1523,Red Line,CM,Approaching,38.69333267211914,-9.308465957641602,5.0,121119,Espargal,2025-05-20,14:34:12,Tuesday,True
1514,Red Line,CM,In Transit,38.758155822753906,-9.227164268493652,5.555555555555555,030604,Falagueira-Venda Nova,2025-05-20,14:33:53,Tuesday,True
1511,Blue Line,CM,Approaching,38.756187438964844,-9.26540756225586,5.0,172478,Massamá e Monte Abraão,2025-05-20,14:33:09,Tuesday,True
1255,Red Line,CM,In Transit,38.80773162841797,-9.378093719482422,8.88888888888889,171316,Estefânea,2025-05-20,14:34:11,Tuesday,True
1616,Red Line,CM,In Transit,38.74800109863281,-9.313302993774414,12.5,170785,Casal de Vaz Meirinho,2025-05-20,14:34:08,Tuesday,True
1251,Red Line,CM,In Transit,38.78742980957031,-9.336952209472656,9.722222222222221,170157,Bairro da Coopalme,2025-05-20,14:34:00,Tuesday,True
1217,Red Line,CM,In Transit,38.76841354370117,-9.298166275024414,4.444444444444445,172488,Agualva,2025-05-20,14:33:04,Tuesday,True
1624,Red Line,CM,In Transit,38.79801940917969,-9.466129302978516,10.0,171935,Almoçageme,2025-05-20,14:34:07,Tuesday,True
1707,Red Line,CM,In Transit,38.75058364868164,-9.197702407836914,0.0,060053,Benfica,2025-05-20,14:32:54,Tuesday,True
1724,Red Line,CM,Approaching,38.715633392333984,-9.24080753326416,7.777777777777778,120167,Núcleo Urbano Histórico de Linda-a-Velha,2025-05-20,14:34:13,Tuesday,True
1617,Red Line,CM,In Transit,38.7484016418457,-9.302022933959961,8.61111111111111,170776,Casal de Cabanas,2025-05-20,14:33:51,Tuesday,True
1628,Red Line,CM,Approaching,38.70405960083008,-9.399182319641113,0.0,050409,Santo António do Estoril,2025-05-20,14:33:40,Tuesday,True
3635,Red Line,CM,In Transit,38.581295013427734,-9.041573524475098,6.666666666666666,150001,Unknown,2025-05-20,14:33:44,Tuesday,True
3118,Red Line,CM,In Transit,38.62340545654297,-9.118627548217773,8.333333333333334,140611,Cruz de Pau,2025-05-20,14:33:47,Tuesday,True
2725,Red Line,CM,Approaching,38.82276916503906,-9.145853042602539,8.88888888888889,070492,Bairro Lameiras,2025-05-20,14:34:13,Tuesday,True
1616,Red Line,CM,Stationed,38.73067855834961,-9.317156791687012,3.0555555555555554,120997,Porto Salvo,2025-05-20,14:33:37,Tuesday,True
2601,Red Line,CM,In Transit,38.78657531738281,-9.191786766052246,10.555555555555555,110136,Colinas do Cruzeiro,2025-05-20,14:34:02,Tuesday,True
1601,Red Line,CM,In Transit,38.6846923828125,-9.32629680633545,9.166666666666666,121185,Lombos,2025-05-20,14:34:02,Tuesday,True
1607,Red Line,CM,In Transit,38.68902587890625,-9.316741943359375,5.833333333333333,120817,Santo Amaro de Oeiras,2025-05-20,14:34:05,Tuesday,True
1209,Red Line,CM,In Transit,38.77065658569336,-9.310262680053711,8.055555555555555,170448,Cacém,2025-05-20,14:34:13,Tuesday,True
2725,Red Line,CM,Stationed,38.77669906616211,-9.102930068969727,0.0,070611,Jardins do Cristo Rei,2025-05-20,14:33:51,Tuesday,True
2525,Red Line,CM,In Transit,38.821102142333984,-9.157827377319336,7.777777777777778,070555,Loures,2025-05-20,14:33:58,Tuesday,True
2203,Red Line,CM,In Transit,38.78335952758789,-9.194046020507812,0.0,110137,Patameiras,2025-05-20,14:33:46,Tuesday,True
2601,Red Line,CM,Stationed,38.82037353515625,-9.176868438720703,10.833333333333334,070374,Urbanização das Sapateiras,2025-05-20,14:33:53,Tuesday,True
2720,Red Line,CM,Stationed,38.768741607666016,-9.164620399475098,14.166666666666666,060306,Lumiar,2025-05-20,14:33:50,Tuesday,True
2769,Red Line,CM,In Transit,38.803077697753906,-9.157676696777344,3.888888888888889,071137,Póvoa de Santo Adrião e Olival Basto,2025-05-20,14:33:50,Tuesday,True
2207,red Line,CM,Stationed,38.812618255615234,-9.227165222167969,0.0,110169,Bairro dos CTT,2025-05-20,14:34:01,Tuesday,True
2029,Blue Line,CM,Approaching,38.78137969970703,-9.106746673583984,8.055555555555555,070589,Jardins do Cristo Rei,2025-05-20,14:33:54,Tuesday,True
2730,Red Line,CM,In Transit,38.78544235229492,-9.104113578796387,12.777777777777777,071332,Urbanização Real Forte,2025-05-20,14:34:00,Tuesday,True
2734,Red Line,CM,In Transit,38.77573013305664,-9.110767364501953,10.0,060219,Olivais Norte,2025-05-20,14:34:03,Tuesday,True
2764,Red Line,CM,In Transit,38.761627197265625,-9.157434463500977,8.333333333333334,061200,Lumiar,2025-05-20,14:33:56,Tuesday,True
2522,Red Line,CM,Approaching,38.79468536376953,-9.180241584777832,6.111111111111111,110128,Amorosa,2025-05-20,14:34:13,Tuesday,True
2708,Red Line,CM,In Transit,38.79378890991211,-9.103972434997559,6.666666666666666,070517,Urbanização Real Forte,2025-05-20,14:34:07,Tuesday,True
2764,Red Line,CM,In Transit,38.88761520385742,-9.125558853149414,5.833333333333333,071153,Bucelas,2025-05-20,14:33:48,Tuesday,True
2769,Red Line,CM,In Transit,38.798580169677734,-9.160829544067383,0.0,110631,Póvoa de Santo Adrião e Olival Basto,2025-05-20,14:33:56,Tuesday,True
2795,Red Line,CM,In Transit,38.770225524902344,-9.127782821655273,0.0,060273,Unknown,2025-05-20,14:33:59,Tuesday,True
2790,Red Line,CM,Approaching,38.77919006347656,-9.126450538635254,10.833333333333334,060297,Unknown,2025-05-20,14:34:08,Tuesday,True
2725,Red Line,CM,In Transit,38.82260513305664,-9.175456047058105,7.777777777777778,070472,Urbanização das Sapateiras,2025-05-20,14:33:46,Tuesday,True
2303,Red Line,CM,Approaching,38.9051513671875,-9.050575256347656,4.166666666666667,181003,Vale de Arcena,2025-05-20,14:34:00,Tuesday,True
2309,Red Line,CM,In Transit,38.929229736328125,-9.010906219482422,4.444444444444445,180068,Quinta da Cruz de Pau,2025-05-20,14:33:52,Tuesday,True
2725,Red Line,CM,In Transit,38.822410583496094,-9.174311637878418,9.444444444444445,070470,Urbanização das Sapateiras,2025-05-20,14:33:50,Tuesday,True
2601,Red Line,CM,Stationed,38.80450439453125,-9.157651901245117,0.8333333333333333,110617,Póvoa de Santo Adrião e Olival Basto,2025-05-20,14:34:10,Tuesday,True
2772,Red Line,CM,Stationed,38.811500549316406,-9.177693367004395,8.333333333333334,070329,Torres da Bela Vista,2025-05-20,14:33:52,Tuesday,True
2303,Red Line,CM,Approaching,38.89030456542969,-9.034814834594727,0.0,180041,Unknown,2025-05-20,14:33:55,Tuesday,True
2711,Red Line,CM,Approaching,38.80354309082031,-9.121233940124512,8.055555555555555,071399,Bairro de Santiago,2025-05-20,14:34:11,Tuesday,True
2729,Red Line,CM,In Transit,38.782047271728516,-9.104369163513184,5.277777777777778,071315,Jardins do Cristo Rei,2025-05-20,14:33:54,Tuesday,True
2337,Blue Line,CM,In Transit,38.95697784423828,-8.98698902130127,5.277777777777778,180291,Cais de Vila Franca de Xira,2025-05-20,14:33:55,Tuesday,True
2764,Red Line,CM,Approaching,38.80497741699219,-9.157588005065918,1.9444444444444444,110617,Póvoa de Santo Adrião e Olival Basto,2025-05-20,14:34:09,Tuesday,True
2026,Blue Line,CM,Stationed,38.82373809814453,-9.177063941955566,5.277777777777778,070364,Urbanização das Sapateiras,2025-05-20,14:33:46,Tuesday,True
2706,Red Line,CM,In Transit,38.85401916503906,-9.147146224975586,10.555555555555555,070943,Quinta do Aqueduto,2025-05-20,14:33:58,Tuesday,True
2781,Red Line,CM,In Transit,38.812164306640625,-9.189728736877441,5.0,110314,Jardim da Amoreira,2025-05-20,14:34:13,Tuesday,True
2206,red Line,CM,Approaching,38.813926696777344,-9.21371841430664,10.277777777777777,110177,Bairro dos CTT,2025-05-20,14:34:12,Tuesday,True
2540,Red Line,CM,In Transit,38.87649917602539,-9.068278312683105,11.38888888888889,180490,Quinta da Maranhota,2025-05-20,14:33:55,Tuesday,True
2794,Red Line,CM,In Transit,38.79608154296875,-9.098877906799316,24.444444444444443,060005,Parque das Nações,2025-05-20,14:33:59,Tuesday,True
2761,Red Line,CM,In Transit,38.82378005981445,-9.174554824829102,4.722222222222222,070472,Urbanização das Urmeiras,2025-05-20,14:33:59,Tuesday,True
2792,Red Line,CM,Stationed,38.89176940917969,-9.042314529418945,0.0,180717,Unknown,2025-05-20,14:34:02,Tuesday,True
2710,Red Line,CM,Approaching,38.759403228759766,-9.158893585205078,8.055555555555555,060171,Lumiar,2025-05-20,14:33:57,Tuesday,True
2726,Red Line,CM,In Transit,38.799312591552734,-9.135661125183105,5.555555555555555,070645,Bairro das Loureiras,2025-05-20,14:34:15,Tuesday,True
2795,Red Line,CM,In Transit,38.82408905029297,-9.101943969726562,10.555555555555555,070740,Vale de Figueira,2025-05-20,14:33:56,Tuesday,True
2028,Red Line,CM,In Transit,38.82380294799805,-9.17538833618164,11.666666666666666,070472,Urbanização das Urmeiras,2025-05-20,14:33:57,Tuesday,True
2769,Red Line,CM,Stationed,38.80998229980469,-9.156582832336426,0.0,071131,Urbanização do Almirante,2025-05-20,14:34:06,Tuesday,True
2209,red Line,CM,Stationed,38.78962707519531,-9.176915168762207,0.0,110099,Bairro Olaio,2025-05-20,14:34:14,Tuesday,True
2212,Blue Line,CM,Stationed,38.78423309326172,-9.188939094543457,0.0,111004,Patameiras,2025-05-20,14:34:13,Tuesday,True
2307,Red Line,CM,Stationed,38.945350646972656,-8.995107650756836,0.5555555555555556,180073,Unknown,2025-05-20,14:34:15,Tuesday,True
2215,Red Line,CM,In Transit,38.79430389404297,-9.179174423217773,8.61111111111111,110408,Amorosa,2025-05-20,14:34:15,Tuesday,True
2790,Red Line,CM,Approaching,38.895267486572266,-9.036904335021973,6.944444444444445,180213,Unknown,2025-05-20,14:34:12,Tuesday,True
2713,Red Line,CM,Approaching,38.787513732910156,-9.141221046447754,0.2777777777777778,071378,Quinta das Courelas,2025-05-20,14:33:53,Tuesday,True
2515,Red Line,CM,In Transit,38.807701110839844,-9.169839859008789,8.055555555555555,110656,Casal da Paradela,2025-05-20,14:33:46,Tuesday,True
2719,Red Line,CM,In Transit,38.759620666503906,-9.159550666809082,0.0,060227,Lumiar,2025-05-20,14:33:58,Tuesday,True
2796,Red Line,CM,In Transit,38.86717224121094,-9.111488342285156,7.777777777777778,070867,Bairro Casteloiças,2025-05-20,14:33:53,Tuesday,True
2703,Red Line,CM,In Transit,38.761146545410156,-9.157358169555664,7.5,061200,Lumiar,2025-05-20,14:33:55,Tuesday,True
2727,Red Line,CM,In Transit,38.80002212524414,-9.10954761505127,8.61111111111111,070120,Terraços da Ponte,2025-05-20,14:34:08,Tuesday,True
2711,Red Line,CM,Approaching,38.798789978027344,-9.136499404907227,0.5555555555555556,070643,Bairro das Loureiras,2025-05-20,14:34:06,Tuesday,True
2532,Red Line,CM,Approaching,38.870243072509766,-9.089444160461426,10.277777777777777,180816,Quinta da Flamenga,2025-05-20,14:34:12,Tuesday,True
2706,Red Line,CM,In Transit,38.8832893371582,-9.129364967346191,18.61111111111111,071157,Bairro Serra das Galegas,2025-05-20,14:33:59,Tuesday,True
2750,Red Line,CM,In Transit,38.90830612182617,-9.170272827148438,14.444444444444445,071001,Bucelas,2025-05-20,14:33:46,Tuesday,True
2736,Red Line,CM,Stationed,38.7605094909668,-9.157219886779785,4.722222222222222,060304,Lumiar,2025-05-20,14:33:50,Tuesday,True
2212,Blue Line,CM,In Transit,38.78675842285156,-9.182160377502441,7.5,111001,Bairro Doutor Lima Pimentel,2025-05-20,14:34:12,Tuesday,True
2706,Red Line,CM,In Transit,38.82196807861328,-9.158308982849121,12.777777777777777,070435,Loures,2025-05-20,14:33:40,Tuesday,True
2814,Red Line,CM,In Transit,38.77069854736328,-9.200432777404785,6.388888888888888,110693,Bairro Doutor Mário Madeira,2025-05-20,14:33:57,Tuesday,True
1232,Red Line,CM,Approaching,38.782493591308594,-9.330620765686035,8.61111111111111,170079,Serra das Minas,2025-05-20,14:34:06,Tuesday,True
3721,Yellow Line,CM,In Transit,38.73638916015625,-9.159423828125,0.0,060025,Campolide,2025-05-20,14:33:12,Tuesday,True
1720,Red Line,CM,In Transit,38.79800796508789,-9.234511375427246,0.0,172127,Portela de Cambra,2025-05-20,14:33:18,Tuesday,True
1630,Red Line,CM,Stationed,38.80207824707031,-9.376558303833008,0.0,172534,Portela de Sintra,2025-05-20,14:33:04,Tuesday,True
2735,Red Line,CM,In Transit,38.78380584716797,-9.111945152282715,6.111111111111111,070596,Moscavide e Portela,2025-05-20,14:34:15,Tuesday,True
2031,Blue Line,CM,Stationed,38.796043395996094,-9.115468978881836,0.0,070673,Sacavém e Prior Velho,2025-05-20,14:34:09,Tuesday,True
3701,Red Line,CM,In Transit,38.67101287841797,-9.157156944274902,6.388888888888888,020535,Cova da Piedade,2025-05-20,14:33:51,Tuesday,True
1717,Red Line,CM,Stationed,38.7564697265625,-9.25420093536377,0.0,170928,Vale de Carenque,2025-05-20,14:33:20,Tuesday,True
2724,Red Line,CM,In Transit,38.775081634521484,-9.102788925170898,6.388888888888888,070486,Parque das Nações,2025-05-20,14:33:44,Tuesday,True
2309,Red Line,CM,In Transit,38.936710357666016,-9.011940956115723,12.5,180255,Quinta da Ponte,2025-05-20,14:34:11,Tuesday,True
1601,Red Line,CM,Stationed,38.75765609741211,-9.222225189208984,0.0,030613,Falagueira-Venda Nova,2025-05-20,14:33:06,Tuesday,True
2328,Red Line,CM,Stationed,38.89926528930664,-9.037261009216309,0.0,180055,Unknown,2025-05-20,14:33:37,Tuesday,True
3108,Blue Line,CM,In Transit,38.616302490234375,-9.110737800598145,8.88888888888889,140295,Quinta da Mimosa,2025-05-20,14:34:06,Tuesday,True
2711,Red Line,CM,In Transit,38.78791046142578,-9.145515441894531,3.333333333333333,060231,Charneca,2025-05-20,14:33:56,Tuesday,True
3025,Red Line,CM,Stationed,38.66661071777344,-9.179390907287598,0.0,020073,Pragal,2025-05-20,14:33:33,Tuesday,True
2795,Red Line,CM,In Transit,38.82490921020508,-9.102773666381836,5.277777777777778,071225,Vale de Figueira,2025-05-20,14:33:51,Tuesday,True
1601,Red Line,CM,In Transit,38.683319091796875,-9.32187557220459,9.444444444444445,121186,Medrosa,2025-05-20,14:34:11,Tuesday,True
1252,Blue Line,CM,Approaching,38.78371810913086,-9.368924140930176,10.555555555555555,171159,"Sintra (Santa Maria e São Miguel, São Martinho e São Pedro de Penaferrim)",2025-05-20,14:34:11,Tuesday,True
3111,Red Line,CM,Stationed,38.622440338134766,-9.087777137756348,0.0,140337,Arrentela,2025-05-20,14:34:09,Tuesday,True
2335,Blue Line,CM,Approaching,38.85611343383789,-9.074995040893555,10.833333333333334,180645,Unknown,2025-05-20,14:34:16,Tuesday,True
2107,Red Line,CM,In Transit,38.926918029785156,-9.234326362609863,4.722222222222222,082004,Venda do Pinheiro e Santo Estêvão das Galés,2025-05-20,14:33:37,Tuesday,True
3118,Red Line,CM,Stationed,38.624027252197266,-9.126110076904297,0.5555555555555556,140131,Cruz de Pau,2025-05-20,14:34:14,Tuesday,True
3549,Red Line,CM,In Transit,38.46928787231445,-9.089096069335938,13.055555555555555,150008,Sesimbra,2025-05-20,14:33:47,Tuesday,True
2031,Blue Line,CM,In Transit,38.79561233520508,-9.115825653076172,5.277777777777778,070674,Terraços da Ponte,2025-05-20,14:34:00,Tuesday,True
1635,Red Line,CM,Approaching,38.83614730834961,-9.253433227539062,12.777777777777777,172440,Vale de Almornos,2025-05-20,14:34:12,Tuesday,True
1716,Red Line,CM,Stationed,38.75937271118164,-9.237832069396973,0.0,030475,Venteira,2025-05-20,14:33:48,Tuesday,True
3525,Red Line,CM,Stationed,38.64888000488281,-9.146733283996582,0.0,140716,Miratejo,2025-05-20,14:34:11,Tuesday,True
3007,Red Line,CM,Approaching,38.67097473144531,-9.167548179626465,3.611111111111111,021062,Pragal,2025-05-20,14:34:10,Tuesday,True
1627,Red Line,CM,In Transit,38.73539733886719,-9.407464027404785,6.111111111111111,050353,Alto da Peça,2025-05-20,14:33:53,Tuesday,True
1120,Blue Line,CM,In Transit,38.69026565551758,-9.31541919708252,0.0,120731,Santo Amaro de Oeiras,2025-05-20,14:33:52,Tuesday,True
1713,Red Line,CM,Stationed,38.74894332885742,-9.213579177856445,2.2222222222222223,030663,Damaia,2025-05-20,14:34:11,Tuesday,True
2731,Red Line,CM,Approaching,38.7739372253418,-9.097182273864746,3.611111111111111,060211,Parque das Nações,2025-05-20,14:33:48,Tuesday,True
1111,Red Line,CM,Approaching,38.7459602355957,-9.282687187194824,6.666666666666666,126478,Fontainhas,2025-05-20,14:33:55,Tuesday,True
2723,Red Line,CM,In Transit,38.85941696166992,-9.129179954528809,13.88888888888889,070850,Bairro Courelas do Rego,2025-05-20,14:33:43,Tuesday,True
3507,Red Line,CM,In Transit,38.59439468383789,-9.183833122253418,8.333333333333334,020229,Vale Bem,2025-05-20,14:33:44,Tuesday,True
2730,Red Line,CM,Approaching,38.80337142944336,-9.102069854736328,0.0,071435,Bobadela,2025-05-20,14:34:00,Tuesday,True
1220,Red Line,CM,In Transit,38.762733459472656,-9.302674293518066,10.833333333333334,170685,Cacém,2025-05-20,14:34:10,Tuesday,True
2812,Red Line,CM,Approaching,38.794673919677734,-9.180252075195312,6.944444444444445,110128,Amorosa,2025-05-20,14:34:07,Tuesday,True
3043,Blue Line,CM,Approaching,38.623138427734375,-9.198872566223145,5.277777777777778,020411,Casal,2025-05-20,14:33:53,Tuesday,True
2034,Blue Line,CM,In Transit,38.843074798583984,-9.082428932189941,9.722222222222221,070712,Urbanização Alto da Eira,2025-05-20,14:33:52,Tuesday,True
2769,Red Line,CM,In Transit,38.81472396850586,-9.162138938903809,9.722222222222221,070315,Urbanização do Almirante,2025-05-20,14:33:54,Tuesday,True
2103,Red Line,CM,In Transit,38.99684524536133,-9.316123008728027,11.38888888888889,080162,Monte Gordo,2025-05-20,14:33:38,Tuesday,True
2901,Red Line,CM,Stationed,38.929134368896484,-9.203468322753906,0.0,081029,Quinta da Mata,2025-05-20,14:33:19,Tuesday,True
2103,Red Line,CM,Stationed,38.936275482177734,-9.32785415649414,0.0,080197,Mafra,2025-05-20,14:33:52,Tuesday,True
2901,Red Line,CM,Stationed,38.928993225097656,-9.20350170135498,0.0,081162,Quinta da Mata,2025-05-20,14:33:19,Tuesday,True
2776,Red Line,CM,Stationed,38.76042175292969,-9.162332534790039,0.0,110801,Lumiar,2025-05-20,14:33:39,Tuesday,True
2740,Yellow Line,CM,In Transit,38.93682861328125,-9.335661888122559,3.888888888888889,082322,Mafra,2025-05-20,14:34:10,Tuesday,True
2906,Red Line,CM,Approaching,39.05007553100586,-9.398845672607422,1.9444444444444444,080470,Mafra,2025-05-20,14:34:06,Tuesday,True
2803,Yellow Line,CM,In Transit,38.9401969909668,-9.331273078918457,7.777777777777778,080206,Mafra,2025-05-20,14:33:54,Tuesday,True
2142,Blue Line,CM,Approaching,38.930599212646484,-9.344746589660645,0.0,080935,Almada,2025-05-20,14:33:19,Tuesday,True
1104,Blue Line,CM,Approaching,38.70041275024414,-9.228178024291992,3.888888888888889,120401,Baixa de Algés,2025-05-20,14:34:00,Tuesday,True
1629,Red Line,CM,In Transit,38.78193664550781,-9.37662124633789,10.277777777777777,172300,Bairro da Colónia Penal,2025-05-20,14:34:13,Tuesday,True
1622,Red Line,CM,In Transit,38.74579620361328,-9.33680534362793,5.555555555555555,172239,Pomar das Velhas,2025-05-20,14:33:43,Tuesday,True
1719,Red Line,CM,In Transit,38.76121520996094,-9.196635246276855,0.0,030213,Carnide,2025-05-20,14:33:26,Tuesday,True
1510,Blue Line,CM,In Transit,38.7509651184082,-9.224648475646973,0.0,030461,Damaia,2025-05-20,14:33:02,Tuesday,True
1253,Red Line,CM,Approaching,38.803672790527344,-9.432296752929688,12.777777777777777,171355,"Sintra (Santa Maria e São Miguel, São Martinho e São Pedro de Penaferrim)",2025-05-20,14:34:12,Tuesday,True
1508,Red Line,CM,Stationed,38.759010314941406,-9.23727035522461,0.2777777777777778,030880,Venteira,2025-05-20,14:34:03,Tuesday,True
1514,Red Line,CM,Stationed,38.75675582885742,-9.233255386352539,1.3888888888888888,030601,Reboleira,2025-05-20,14:34:16,Tuesday,True
1003,Red Line,CM,In Transit,38.763790130615234,-9.229926109313965,0.0,030141,Falagueira-Venda Nova,2025-05-20,14:33:05,Tuesday,True
1707,Red Line,CM,In Transit,38.77960968017578,-9.240200996398926,8.61111111111111,030211,Urbanização Alto da Mira,2025-05-20,14:34:09,Tuesday,True
1614,Red Line,CM,Stationed,38.77879333496094,-9.355396270751953,5.277777777777778,050171,"Sintra (Santa Maria e São Miguel, São Martinho e São Pedro de Penaferrim)",2025-05-20,14:33:42,Tuesday,True
1014,Red Line,CM,In Transit,38.74868392944336,-9.234983444213867,5.0,030437,Venteira,2025-05-20,14:33:10,Tuesday,True
1625,Red Line,CM,Approaching,38.70185852050781,-9.418367385864258,3.0555555555555554,056531,Cascais e Estoril,2025-05-20,14:33:50,Tuesday,True
1721,Red Line,CM,Approaching,38.75885772705078,-9.250470161437988,7.5,171027,Vale de Carenque,2025-05-20,14:34:13,Tuesday,True
1715,Red Line,CM,Approaching,38.709197998046875,-9.215256690979004,5.277777777777778,060079,São Francisco Xavier,2025-05-20,14:33:55,Tuesday,True
1223,Red Line,CM,In Transit,38.76767349243164,-9.29866886138916,9.166666666666666,170653,Agualva,2025-05-20,14:33:40,Tuesday,True
1513,Blue Line,CM,Stationed,38.7640266418457,-9.254743576049805,0.0,172121,Vale de Carenque,2025-05-20,14:33:41,Tuesday,True
1614,Red Line,CM,Stationed,38.70219802856445,-9.340826988220215,0.0,050141,Núcleo Urbano Histórico de São Domingos de Rana,2025-05-20,14:33:44,Tuesday,True
1615,Red Line,CM,In Transit,38.6796760559082,-9.327762603759766,0.0,050418,São Gonçalo,2025-05-20,14:33:16,Tuesday,True
1613,Red Line,CM,Approaching,38.687767028808594,-9.317935943603516,2.5,121187,Medrosa,2025-05-20,14:33:27,Tuesday,True
1715,Red Line,CM,In Transit,38.76908874511719,-9.296497344970703,4.444444444444445,170461,Agualva,2025-05-20,14:33:08,Tuesday,True
1709,Red Line,CM,In Transit,38.75760269165039,-9.19376277923584,0.0,060069,Benfica,2025-05-20,14:33:13,Tuesday,True
1717,Red Line,CM,Stationed,38.75798416137695,-9.226420402526855,0.0,030605,Falagueira-Venda Nova,2025-05-20,14:34:13,Tuesday,True
1612,Red Line,CM,Approaching,38.696624755859375,-9.306398391723633,0.0,120771,Espargal,2025-05-20,14:33:26,Tuesday,True
1234,Red Line,CM,Approaching,38.77427291870117,-9.342570304870605,1.1111111111111112,170151,Bairro do Serradinho,2025-05-20,14:33:52,Tuesday,True
1503,Red Line,CM,Approaching,38.712547302246094,-9.225410461425781,10.0,120347,Miraflores,2025-05-20,14:34:02,Tuesday,True
3721,Yellow Line,CM,Approaching,38.452484130859375,-9.101910591125488,0.0,150058,Sesimbra,2025-05-20,14:34:13,Tuesday,True
2722,Red Line,CM,In Transit,38.757225036621094,-9.130245208740234,12.777777777777777,061221,São João de Brito,2025-05-20,14:33:57,Tuesday,True
2336,Blue Line,CM,Stationed,38.85646057128906,-9.074715614318848,2.5,180646,Unknown,2025-05-20,14:33:20,Tuesday,True
2711,Red Line,CM,Stationed,38.80072021484375,-9.109928131103516,0.0,071359,Terraços da Ponte,2025-05-20,14:33:50,Tuesday,True
2796,Red Line,CM,In Transit,38.764095306396484,-9.164999008178711,18.333333333333332,060008,Lumiar,2025-05-20,14:33:54,Tuesday,True
2772,Red Line,CM,Approaching,38.772254943847656,-9.160818099975586,10.277777777777777,060159,Lumiar,2025-05-20,14:34:10,Tuesday,True
2306,Red Line,CM,In Transit,38.934696197509766,-9.004247665405273,16.944444444444443,180071,Quinta da Cruz de Pau,2025-05-20,14:34:05,Tuesday,True
2533,Red Line,CM,In Transit,38.89100646972656,-9.056360244750977,6.944444444444445,180806,Unknown,2025-05-20,14:33:50,Tuesday,True
2539,Red Line,CM,In Transit,38.83686828613281,-9.095234870910645,0.0,071234,Alto do Convento,2025-05-20,14:33:45,Tuesday,True
2533,Red Line,CM,In Transit,38.89122009277344,-9.05599594116211,5.555555555555555,180806,Unknown,2025-05-20,14:34:12,Tuesday,True
2037,Red Line,CM,Stationed,38.86882781982422,-9.11884880065918,0.0,070955,Bairro da Carrasqueira,2025-05-20,14:33:37,Tuesday,True
2831,Red Line,CM,Approaching,38.79084014892578,-9.214373588562012,5.0,110157,Bairro dos Quatro,2025-05-20,14:34:04,Tuesday,True
2328,Red Line,CM,Stationed,38.913719177246094,-9.023316383361816,0.0,180061,Sobralinho,2025-05-20,14:34:03,Tuesday,True
2762,Red Line,CM,Approaching,38.82929992675781,-9.167271614074707,6.944444444444445,070032,Urbanização das Urmeiras,2025-05-20,14:33:50,Tuesday,True
2524,Red Line,CM,In Transit,38.81856918334961,-9.18029499053955,15.277777777777777,070470,Torres da Bela Vista,2025-05-20,14:33:58,Tuesday,True
2632,Red Line,CM,In Transit,38.79621505737305,-9.212288856506348,0.0,110269,Bairro dos Quatro,2025-05-20,14:34:08,Tuesday,True
2927,Red Line,CM,In Transit,38.96547317504883,-8.995268821716309,7.777777777777778,180375,Unknown,2025-05-20,14:33:56,Tuesday,True
2769,Red Line,CM,In Transit,38.775047302246094,-9.162534713745117,4.444444444444445,060167,Lumiar,2025-05-20,14:33:36,Tuesday,True
2824,Red Line,CM,In Transit,38.76332092285156,-9.197614669799805,0.0,060372,Carnide,2025-05-20,14:33:50,Tuesday,True
2303,Red Line,CM,Approaching,38.89674377441406,-9.038963317871094,5.833333333333333,180053,Unknown,2025-05-20,14:34:07,Tuesday,True
2032,Red Line,CM,Approaching,38.821990966796875,-9.098052024841309,9.722222222222221,070739,Vale de Figueira,2025-05-20,14:34:07,Tuesday,True
2030,Blue Line,CM,In Transit,38.79790115356445,-9.145220756530762,6.944444444444445,070632,Zona Antiga de Fetais,2025-05-20,14:34:15,Tuesday,True
2796,Red Line,CM,In Transit,38.76869201660156,-9.164633750915527,11.666666666666666,060227,Lumiar,2025-05-20,14:33:57,Tuesday,True
2333,Blue Line,CM,In Transit,38.975826263427734,-8.983304977416992,10.277777777777777,180787,Povos,2025-05-20,14:33:50,Tuesday,True
3703,Red Line,CM,Stationed,38.6678466796875,-9.159418106079102,0.5555555555555556,020077,Cova da Piedade,2025-05-20,14:34:03,Tuesday,True
3003,Red Line,CM,In Transit,38.68796157836914,-9.14754867553711,2.5,020039,Cacilhas,2025-05-20,14:33:18,Tuesday,True
4429,Red Line,CM,In Transit,38.53247833251953,-8.862723350524902,1.6666666666666665,160404,São Sebastião,2025-05-20,14:34:10,Tuesday,True
2601,Red Line,CM,Stationed,38.749366760253906,-9.219393730163574,0.0,030872,Damaia,2025-05-20,14:33:30,Tuesday,True
3508,Red Line,CM,Stationed,38.68743896484375,-9.146921157836914,0.0,020955,Cacilhas,2025-05-20,14:33:49,Tuesday,True
3517,Red Line,CM,Stationed,38.63878631591797,-9.153301239013672,0.0,140350,Quinta da Marialva,2025-05-20,14:34:12,Tuesday,True
3512,Red Line,CM,Stationed,38.65493392944336,-9.155010223388672,0.0,020859,Quinta do Americano,2025-05-20,14:33:44,Tuesday,True
3703,Red Line,CM,In Transit,38.74263000488281,-9.137887001037598,3.0555555555555554,061214,Areeiro,2025-05-20,14:33:43,Tuesday,True
3717,Red Line,CM,In Transit,38.732574462890625,-9.164401054382324,11.944444444444445,060018,Campolide,2025-05-20,14:34:13,Tuesday,True
3721,Yellow Line,CM,In Transit,38.739139556884766,-9.157899856567383,1.6666666666666665,060017,Unknown,2025-05-20,14:33:47,Tuesday,True
3710,Red Line,CM,In Transit,38.738033294677734,-9.155104637145996,12.777777777777777,061220,Campo Pequeno,2025-05-20,14:33:43,Tuesday,True
3605,Red Line,CM,Stationed,38.57238006591797,-9.03740119934082,0.0,150001,Quinta do Conde,2025-05-20,14:34:05,Tuesday,True
3012,Red Line,CM,Approaching,38.5765266418457,-9.193538665771484,8.88888888888889,020484,Vale Bem,2025-05-20,14:34:09,Tuesday,True
3702,Red Line,CM,In Transit,38.66999435424805,-9.158743858337402,0.2777777777777778,020069,Cova da Piedade,2025-05-20,14:34:05,Tuesday,True
2803,Yellow Line,CM,Stationed,38.96767044067383,-9.40571403503418,0.0,080069,Fonte Boa dos Nabos,2025-05-20,14:33:34,Tuesday,True
2310,Red Line,CM,Stationed,38.97185516357422,-8.983041763305664,0.0,180757,Povos,2025-05-20,14:34:04,Tuesday,True
3119,Red Line,CM,Stationed,38.610557556152344,-9.13490104675293,0.0,140193,Fanqueiro,2025-05-20,14:33:52,Tuesday,True
2764,Red Line,CM,Approaching,38.75941467285156,-9.159988403320312,0.0,060308,Lumiar,2025-05-20,14:33:36,Tuesday,True
1211,Red Line,CM,Stationed,38.777374267578125,-9.260544776916504,0.2777777777777778,170527,Quinta da Samaritana,2025-05-20,14:33:36,Tuesday,True
2831,Red Line,CM,Stationed,38.76240158081055,-9.197178840637207,0.0,060357,Carnide,2025-05-20,14:34:06,Tuesday,True
2605,Red Line,CM,Stationed,38.82614517211914,-9.16544246673584,0.0,071658,Bairro Almoínhas,2025-05-20,14:33:47,Tuesday,True
4403,Blue Line,CM,In Transit,38.5470085144043,-8.899153709411621,1.1111111111111112,160073,Amoreiras,2025-05-20,14:34:03,Tuesday,True
1712,Red Line,CM,Stationed,38.69865798950195,-9.227516174316406,0.0,121095,Baixa de Algés,2025-05-20,14:33:55,Tuesday,True
2717,Red Line,CM,Stationed,38.81026077270508,-9.175581932067871,0.0,070328,Casal da Paradela,2025-05-20,14:33:55,Tuesday,True
2781,Red Line,CM,Stationed,38.8199577331543,-9.176464080810547,1.1111111111111112,070470,Torres da Bela Vista,2025-05-20,14:34:10,Tuesday,True
1236,Red Line,CM,Stationed,38.77566146850586,-9.34207534790039,0.0,170047,Alto do Forte,2025-05-20,14:34:04,Tuesday,True
2735,Red Line,CM,Approaching,38.79627990722656,-9.10531234741211,1.1111111111111112,070698,Urbanização Real Forte,2025-05-20,14:34:04,Tuesday,True
2328,Red Line,CM,Approaching,38.86202621459961,-9.074769020080566,0.0,180615,Unknown,2025-05-20,14:34:06,Tuesday,True
1513,Blue Line,CM,In Transit,38.74555587768555,-9.246447563171387,6.666666666666666,170001,Venteira,2025-05-20,14:34:06,Tuesday,True
3546,Red Line,CM,Approaching,38.623329162597656,-9.125732421875,6.666666666666666,140103,Cruz de Pau,2025-05-20,14:34:09,Tuesday,True
2124,Blue Line,CM,Stationed,38.96718215942383,-9.40532112121582,0.0,082009,Fonte Boa dos Nabos,2025-05-20,14:34:11,Tuesday,True
1707,Red Line,CM,Stationed,38.75299072265625,-9.190185546875,1.6666666666666665,060047,Benfica,2025-05-20,14:34:12,Tuesday,True
